code NSF,code scolarité,sigle type formation,libellé type formation,libellé formation principal,sigle formation,durée,niveau de sortie indicatif,code RNCP,niveau de certification,libellé niveau de certification,tutelle,URL et ID Onisep,domaine/sous-domaine
133,,,formation d'école spécialisée,Diplôme de 2ème cycle supérieur de musique de l'École normale de musique de Paris Alfred Cortot,,2 ans,Bac + 5,,0,non inscrit au RNCP,Ministère de la Culture et de la communication,https://www.onisep.fr/http/redirection/formation/slug/FOR.2526,"arts, culture, artisanat/arts du spectacle"
200,17020013,,diplôme d'ingénieur,diplôme d'ingénieur de l'Institut supérieur de mécanique de Paris spécialité génie industriel en partenariat avec l'ITII Ile de France,SUPMECA,3 ans,Bac + 5,16153.0,1,niveau 7 (bac + 5),"Ministère de l'Enseignement supérieur, de la Recherche et de l'Innovation",https://www.onisep.fr/http/redirection/formation/slug/FOR.6092,"mécanique/aéronautique | mécanique/automatismes | électricité, électronique, robotique/électronique | matières premières, fabrication, industries/fonction production (généralités) | matières premières, fabrication, industries/génie industriel | informatique, Internet/informatique (généralités) | logistique, transport/logistique | matières premières, fabrication, industries/méthodes industrialisation"
200,,mastère spé.,mastère spécialisé,mastère spé. Manager LEAN : production et logistique (Arts et Métiers ParisTech),,1 an,Bac + 6,,0,non inscrit au RNCP,non renseigné,https://www.onisep.fr/http/redirection/formation/slug/FOR.1105,"matières premières, fabrication, industries/fabrication, productique | matières premières, fabrication, industries/fonction production (généralités) | matières premières, fabrication, industries/génie industriel | logistique, transport/logistique | matières premières, fabrication, industries/méthodes industrialisation"
200,,mastère spé.,mastère spécialisé,mastère spé. Management industriel et excellence opérationnelle - MILEO (Mines ParisTech),,1 an,Bac + 6,,0,non inscrit au RNCP,non renseigné,https://www.onisep.fr/http/redirection/formation/slug/FOR.4592,"arts, culture, artisanat/activités culturelles | matières premières, fabrication, industries/fonction production (généralités) | matières premières, fabrication, industries/génie industriel | matières premières, fabrication, industries/méthodes industrialisation"
200,,,diplôme d'ingénieur,Ingénieur diplômé de l'École polytechnique (Institut polytechnique de Paris),EPX,4 ans,Bac + 5,37189.0,1,niveau 7 (bac + 5),"Ministère de l'Enseignement supérieur, de la Recherche et de l'Innovation",https://www.onisep.fr/http/redirection/formation/slug/FOR.965,"gestion des entreprises, comptabilité/administration de l'entreprise | mécanique/aéronautique | informatique, Internet/bases de données | sciences/biologie | sciences/chimie | armée, sécurité/défense publique | environnement, énergies, propreté/énergies | environnement, énergies, propreté/environnement (généralités) | matières premières, fabrication, industries/fonction production (généralités) | matières premières, fabrication, industries/génie industriel | informatique, Internet/informatique (généralités) | matières premières, fabrication, industries/matériaux | sciences/mathématiques | mécanique/mécanique (généralités) | sciences/physique | économie, droit, politique/sciences économiques | informatique, Internet/systèmes et réseaux | logistique, transport/transport"
114,,,formation d'école spécialisée,Diplôme de premier cycle de l'université Paris-Dauphine mention mathématiques appliquées,,3 ans,Bac + 3,25266.0,2,niveau 6 (bac + 3),non renseigné,https://www.onisep.fr/http/redirection/formation/slug/FOR.7341,sciences/mathématiques
122,25512201,,formation d'école spécialisée,Diplôme de premier cycle de l'université Paris-Dauphine mention économie appliquée,,3 ans,Bac + 3,38371.0,2,niveau 6 (bac + 3),non renseigné,https://www.onisep.fr/http/redirection/formation/slug/FOR.7335,"économie, droit, politique/sciences économiques"
124,16N12401,,formation d'école spécialisée,Diplôme de psychologue de l'école de psychologues praticiens de l'institut catholique de Paris,,5 ans,Bac + 5,13953.0,1,niveau 7 (bac + 5),"Ministère de l'Enseignement supérieur, de la Recherche et de l'Innovation",https://www.onisep.fr/http/redirection/formation/slug/FOR.2805,"histoire-géographie, psychologie, sociologie/psychologie | santé, social, sport/santé (généralités)"
240,,,formation d'école spécialisée,Bachelor mode et architecture intérieure de la Paris American Academy,,3 ans,Bac + 3,,0,non inscrit au RNCP,non renseigné,https://www.onisep.fr/http/redirection/formation/slug/FOR.3980,"arts, culture, artisanat/arts appliqués | arts, culture, artisanat/arts graphiques"
250,17025002,,diplôme d'ingénieur,diplôme d'ingénieur de l'Institut des sciences et techniques des Yvelines de l'université de Versailles Saint-Quentin en Yvelines spécialité mécatronique en partenariat avec Ingénieurs 2000,ISTY,3 ans,Bac + 5,34673.0,1,niveau 7 (bac + 5),"Ministère de l'Enseignement supérieur, de la Recherche et de l'Innovation",https://www.onisep.fr/http/redirection/formation/slug/FOR.5768,"mécanique/aéronautique | mécanique/automatismes | électricité, électronique, robotique/électronique | informatique, Internet/informatique (généralités) | mécanique/mécanique (généralités)"
251,,,diplôme d'ingénieur,diplôme d'ingénieur de l'Institut supérieur de mécanique de Paris,SUPMECA,3 ans,Bac + 5,4581.0,1,niveau 7 (bac + 5),"Ministère de l'Enseignement supérieur, de la Recherche et de l'Innovation",https://www.onisep.fr/http/redirection/formation/slug/FOR.5487,"mécanique/automatismes | matières premières, fabrication, industries/études et développement | logistique, transport/logistique | matières premières, fabrication, industries/matériaux | mécanique/mécanique (généralités) | matières premières, fabrication, industries/méthodes industrialisation"
255,1702550R,,diplôme d'ingénieur,diplôme d'ingénieur de l'École polytechnique universitaire de l'université Paris-Saclay spécialité électronique,Polytech,3 ans,Bac + 5,,1,niveau 7 (bac + 5),"Ministère de l'Enseignement supérieur, de la Recherche et de l'Innovation",https://www.onisep.fr/http/redirection/formation/slug/FOR.8303,"mécanique/aéronautique | mécanique/automatismes | informatique, Internet/développement, programmation, logiciel | électricité, électronique, robotique/électronique | électricité, électronique, robotique/électrotechnique | environnement, énergies, propreté/énergies | informatique, Internet/informatique industrielle et technologique"
255,,mastère spé.,mastère spécialisé,mastère spé. Systèmes embarqués (TELECOM Paris),,1 an,Bac + 6,,0,non inscrit au RNCP,non renseigné,https://www.onisep.fr/http/redirection/formation/slug/FOR.2546,"électricité, électronique, robotique/électronique | information-communication, audiovisuel/multimédia | informatique, Internet/systèmes et réseaux | électricité, électronique, robotique/télécommunications"
255,1702550E,,diplôme d'ingénieur,diplôme d'ingénieur de l'Institut supérieur d'électronique de Paris,ISEP,3 ans,Bac + 5,11479.0,1,niveau 7 (bac + 5),"Ministère de l'Enseignement supérieur, de la Recherche et de l'Innovation",https://www.onisep.fr/http/redirection/formation/slug/FOR.1251,"gestion des entreprises, comptabilité/administration de l'entreprise | information-communication, audiovisuel/bibliothèque, documentation | informatique, Internet/développement, programmation, logiciel | électricité, électronique, robotique/électronique | matières premières, fabrication, industries/fonction production (généralités) | informatique, Internet/informatique (généralités) | informatique, Internet/informatique industrielle et technologique | information-communication, audiovisuel/multimédia | santé, social, sport/santé (généralités) | armée, sécurité/sécurité, prévention | informatique, Internet/systèmes et réseaux | information-communication, audiovisuel/technologies de l'information | électricité, électronique, robotique/télécommunications"
310,,mastère spé.,mastère spécialisé,mastère spé. Management industriel et systèmes logistiques (Mines ParisTech),MISL,1 an,Bac + 6,,0,non inscrit au RNCP,non renseigné,https://www.onisep.fr/http/redirection/formation/slug/FOR.644,"matières premières, fabrication, industries/génie industriel | logistique, transport/logistique"
310,,,formation d'école spécialisée,Bachelor de l'American University of Paris,,4 ans,Bac + 3,,0,non inscrit au RNCP,non renseigné,https://www.onisep.fr/http/redirection/formation/slug/FOR.2609,"arts, culture, artisanat/activités culturelles | gestion des entreprises, comptabilité/administration de l'entreprise | information-communication, audiovisuel/audiovisuel | information-communication, audiovisuel/communication | banque, assurances, immobilier/finances | histoire-géographie, psychologie, sociologie/histoire | arts, culture, artisanat/histoire de l'art | informatique, Internet/informatique (généralités) | lettres, langues, enseignement/lettres, linguistique | histoire-géographie, psychologie, sociologie/psychologie | économie, droit, politique/sciences économiques | histoire-géographie, psychologie, sociologie/sciences humaines et sociales (généralités) | économie, droit, politique/sciences politiques"
310,16531012,,diplôme d'école de commerce visé de niveau bac + 4 ou 5,Diplôme du programme grande école de l'EDC Paris,,5 ans,Bac + 5,38062.0,1,niveau 7 (bac + 5),"Ministère de l'Enseignement supérieur, de la Recherche et de l'Innovation",https://www.onisep.fr/http/redirection/formation/slug/FOR.379,"gestion des entreprises, comptabilité/administration de l'entreprise | commerce, marketing, vente/marketing, vente"
114,,,diplôme d'ingénieur,diplôme d'ingénieur de l'École supérieure d'ingénieurs de Paris Est (EPISEN exEsipe) Créteil de l'université Paris-Est Créteil Val-de-Marne spécialité informatique et santé,EPISEN exESIPE,3 ans,Bac + 5,36754.0,1,niveau 7 (bac + 5),"Ministère de l'Enseignement supérieur, de la Recherche et de l'Innovation",https://www.onisep.fr/http/redirection/formation/slug/FOR.7796,"informatique, Internet/informatique (généralités) | sciences/mathématiques | santé, social, sport/santé (généralités)"
112 | 118 | 222,17011201,,diplôme d'ingénieur,diplôme d'ingénieur de l'Institut supérieur des biotechnologies de Paris,SupBiotech,5 ans,Bac + 5,38408.0,1,niveau 7 (bac + 5),"Ministère de l'Enseignement supérieur, de la Recherche et de l'Innovation",https://www.onisep.fr/http/redirection/formation/slug/FOR.1693,"matières premières, fabrication, industries/agroalimentaire | mécanique/automatismes | sciences/biologie | sciences/chimie | environnement, énergies, propreté/déchets, pollutions et risques | environnement, énergies, propreté/énergies | environnement, énergies, propreté/environnement (généralités) | matières premières, fabrication, industries/études et développement | matières premières, fabrication, industries/fonction production (généralités) | matières premières, fabrication, industries/maintenance, qualité | commerce, marketing, vente/marketing, vente | santé, social, sport/médical | santé, social, sport/paramédical | santé, social, sport/santé (généralités)"
128,15512803,,diplôme d'institut d'études politiques,Diplôme de l'Institut d'études politiques de l'université Paris XII,IEP,5 ans,Bac + 5,34024.0,1,niveau 7 (bac + 5),non renseigné,https://www.onisep.fr/http/redirection/formation/slug/FOR.8236,"sciences/biologie | environnement, énergies, propreté/environnement (généralités) | informatique, Internet/informatique (généralités) | sciences/sciences de la Terre | économie, droit, politique/sciences politiques"
130,,CPGE,classe préparatoire littéraire et artistique,Classe préparatoire ENS Paris-Saclay 2e année section C arts et design (concours design),,1 an,Bac + 2,,0,non inscrit au RNCP,"Ministère de l'Enseignement supérieur, de la Recherche et de l'Innovation",https://www.onisep.fr/http/redirection/formation/slug/FOR.1450,"arts, culture, artisanat/arts appliqués"
133,,,formation d'école spécialisée,"Diplôme de 1er cycle supérieur de musique de l'École normale de musique de Paris Alfred Cortot (instrument, chant)",,2 ans,Bac + 3,,0,non inscrit au RNCP,non renseigné,https://www.onisep.fr/http/redirection/formation/slug/FOR.7598,"arts, culture, artisanat/arts du spectacle"
250,,mastère spé.,mastère spécialisé,mastère spé. Systèmes de transports ferroviaires et urbains (École des Ponts ParisTech - INSA hauts-de-France - ENTPE - UTC),,1 an,Bac + 6,,0,non inscrit au RNCP,non renseigné,https://www.onisep.fr/http/redirection/formation/slug/FOR.4217,"gestion des entreprises, comptabilité/administration de l'entreprise | mécanique/automatismes | électricité, électronique, robotique/électronique | électricité, électronique, robotique/électrotechnique | environnement, énergies, propreté/environnement (généralités) | mécanique/mécanique (généralités) | logistique, transport/transport"
253 | 110 | 200,17025304,,diplôme d'ingénieur,diplôme d'ingénieur de l'Institut supérieur de mécanique de Paris spécialité génie industriel pour l'aéronautique et l'espace en partenariat avec l'ITII Ile de France,SUPMECA,3 ans,Bac + 5,36670.0,1,niveau 7 (bac + 5),"Ministère de l'Enseignement supérieur, de la Recherche et de l'Innovation",https://www.onisep.fr/http/redirection/formation/slug/FOR.7504,"mécanique/aéronautique | électricité, électronique, robotique/électronique | matières premières, fabrication, industries/fonction production (généralités) | matières premières, fabrication, industries/génie industriel | informatique, Internet/informatique (généralités) | logistique, transport/logistique | matières premières, fabrication, industries/méthodes industrialisation"
112,17033102,,diplôme d'ingénieur,diplôme d'ingénieur de l'École supérieure d'ingénieurs de Paris Est (EPISEN exEsipe) Créteil de l'université Paris-Est Créteil Val-de-Marne spécialité génie biomédical et santé,EPISEN exESIPE,3 ans,Bac + 5,36778.0,1,niveau 7 (bac + 5),"Ministère de l'Enseignement supérieur, de la Recherche et de l'Innovation",https://www.onisep.fr/http/redirection/formation/slug/FOR.5409,"sciences/biologie | matières premières, fabrication, industries/céramique, composites | informatique, Internet/informatique (généralités) | matières premières, fabrication, industries/matériaux | santé, social, sport/médical | santé, social, sport/santé (généralités) | information-communication, audiovisuel/technologies de l'information"
114,17011402,,diplôme d'ingénieur,diplôme d'ingénieur de CY Tech de CY Cergy Paris Université spécialité mathématiques appliquées,CY Tech,3 ans,Bac + 5,36556.0,1,niveau 7 (bac + 5),"Ministère de l'Enseignement supérieur, de la Recherche et de l'Innovation",https://www.onisep.fr/http/redirection/formation/slug/FOR.5700,"gestion des entreprises, comptabilité/administration de l'entreprise | arts, culture, artisanat/arts graphiques | banque, assurances, immobilier/assurances | banque, assurances, immobilier/banque | informatique, Internet/bases de données | matières premières, fabrication, industries/études et développement | banque, assurances, immobilier/finances | matières premières, fabrication, industries/génie industriel | informatique, Internet/informatique (généralités) | informatique, Internet/informatique industrielle et technologique | sciences/mathématiques"
112 | 118 | 222,26511201,,bachelor en sciences et ingénierie,bachelor en sciences et ingénierie - biotechnologies (Sup'Biotech Paris),Sup'Biotech,3 ans,Bac + 3,37712.0,2,niveau 6 (bac + 3),non renseigné,https://www.onisep.fr/http/redirection/formation/slug/FOR.8510,sciences/biologie
120,,CPGE,classe préparatoire économique et commerciale,"Classe préparatoire Economie et gestion option économie, méthodes quantitatives et gestion (ENS Paris-Saclay D2), 2e année",Saclay2-D2,1 an,Bac + 2,,0,non inscrit au RNCP,"Ministère de l'Enseignement supérieur, de la Recherche et de l'Innovation",https://www.onisep.fr/http/redirection/formation/slug/FOR.6020,"gestion des entreprises, comptabilité/administration de l'entreprise | économie, droit, politique/droit (généralités) | économie, droit, politique/sciences économiques"
128,15512803,,diplôme d'institut d'études politiques,Diplôme de l'Institut d'études politiques de Paris,IEP,5 ans,Bac + 5,34024.0,1,niveau 7 (bac + 5),"Ministère de l'Enseignement supérieur, de la Recherche et de l'Innovation",https://www.onisep.fr/http/redirection/formation/slug/FOR.3321,"gestion des entreprises, comptabilité/administration de l'entreprise | économie, droit, politique/droit (généralités) | banque, assurances, immobilier/finances | information-communication, audiovisuel/journalisme, édition, publicité | commerce, marketing, vente/marketing, vente | gestion des entreprises, comptabilité/ressources humaines | économie, droit, politique/sciences économiques | économie, droit, politique/sciences politiques | environnement, énergies, propreté/urbanisme"
130,,CPGE,classe préparatoire littéraire et artistique,Classe préparatoire ENS Paris-Saclay 2e année section E langue étrangère (anglais),,1 an,Bac + 2,,0,non inscrit au RNCP,"Ministère de l'Enseignement supérieur, de la Recherche et de l'Innovation",https://www.onisep.fr/http/redirection/formation/slug/FOR.411,"lettres, langues, enseignement/langues"
133,,,formation d'école spécialisée,Diplôme supérieur d'écriture musicale et de musicologie du CNSMD de Paris,,5 ans,Bac + 5,36801.0,1,niveau 7 (bac + 5),Ministère de la Culture et de la communication,https://www.onisep.fr/http/redirection/formation/slug/FOR.4549,"arts, culture, artisanat/arts du spectacle"
128,,,formation d'école spécialisée,Diplôme de premier cycle de l'université Paris-Dauphine mention droit,,3 ans,Bac + 3,25257.0,2,niveau 6 (bac + 3),"Ministère de l'Enseignement supérieur, de la Recherche et de l'Innovation",https://www.onisep.fr/http/redirection/formation/slug/FOR.7333,"économie, droit, politique/droit (généralités)"
130,,CPGE,classe préparatoire littéraire et artistique,Classe préparatoire ENS Paris-Saclay 1re année section C arts et design (concours design),,1 an,Bac + 1,,0,non inscrit au RNCP,"Ministère de l'Enseignement supérieur, de la Recherche et de l'Innovation",https://www.onisep.fr/http/redirection/formation/slug/FOR.1451,"arts, culture, artisanat/arts appliqués"
133,,,formation d'école spécialisée,Diplôme de 2nd cycle supérieur de danseur interprète : répertoire et création du CNSMD de Paris,,2 ans,Bac + 5,36797.0,1,niveau 7 (bac + 5),non renseigné,https://www.onisep.fr/http/redirection/formation/slug/FOR.9352,"arts, culture, artisanat/arts du spectacle"
227,,mastère spé.,mastère spécialisé,mastère spé. Énergies renouvelables (Mines Paristech),,1 an,Bac + 6,,0,non inscrit au RNCP,non renseigné,https://www.onisep.fr/http/redirection/formation/slug/FOR.1519,"environnement, énergies, propreté/énergies | matières premières, fabrication, industries/génie industriel"
227,16X22701,mastère spé.,mastère spécialisé,mastère spé. Optimisation des systèmes énergétiques (Mines ParisTech),,1 an,Bac + 6,35272.0,1,niveau 7 (bac + 5),non renseigné,https://www.onisep.fr/http/redirection/formation/slug/FOR.2777,"environnement, énergies, propreté/énergies | armée, sécurité/sécurité, prévention"
227,,mastère spé.,mastère spécialisé,mastère spé. International Energy Management (alternatives pour l'énergie du futur - ALEF) (Mines ParisTech - INSA Lyon - Tsinghua University),,1 an,Bac + 6,,0,non inscrit au RNCP,non renseigné,https://www.onisep.fr/http/redirection/formation/slug/FOR.1520,"gestion des entreprises, comptabilité/administration de l'entreprise | environnement, énergies, propreté/énergies | environnement, énergies, propreté/environnement (généralités) | matières premières, fabrication, industries/fonction production (généralités) | économie, droit, politique/sciences économiques"
230,,,diplôme d'ingénieur,diplôme d'ingénieur de CY Tech de CY Cergy Paris Université spécialité génie civil,CY Tech,3 ans,Bac + 5,,1,niveau 7 (bac + 5),"Ministère de l'Enseignement supérieur, de la Recherche et de l'Innovation",https://www.onisep.fr/http/redirection/formation/slug/FOR.6132,"construction, architecture, travaux publics/génie civil | construction, architecture, travaux publics/génie civil, construction (généralités) | matières premières, fabrication, industries/matériaux"
231,17023201,,diplôme d'ingénieur,diplôme d'ingénieur de l'École supérieure d'ingénieurs Paris-Est de l'Université Gustave Eiffel spécialité génie civil,ESIPE UGE,3 ans,Bac + 5,,1,niveau 7 (bac + 5),"Ministère de l'Enseignement supérieur, de la Recherche et de l'Innovation",https://www.onisep.fr/http/redirection/formation/slug/FOR.8288,"matières premières, fabrication, industries/études et développement | matières premières, fabrication, industries/fabrication, productique | construction, architecture, travaux publics/génie civil | construction, architecture, travaux publics/travaux publics"
233,26X23304,,formation d'école spécialisée,Designer en architecture d'intérieur (MJM Graphic Design Paris),,3 ans,Bac + 3,34993.0,2,niveau 6 (bac + 3),non renseigné,https://www.onisep.fr/http/redirection/formation/slug/FOR.3524,"arts, culture, artisanat/arts appliqués"
222,,,diplôme d'ingénieur,diplôme d'ingénieur de CY Tech de CY Cergy Paris Université spécialité biotechnologie et chimie,CY Tech,3 ans,Bac + 5,,1,niveau 7 (bac + 5),"Ministère de l'Enseignement supérieur, de la Recherche et de l'Innovation",https://www.onisep.fr/http/redirection/formation/slug/FOR.6117,"sciences/biologie | matières premières, fabrication, industries/céramique, composites | sciences/chimie | matières premières, fabrication, industries/matériaux | santé, social, sport/santé (généralités)"
222,,,diplôme d'ingénieur,diplôme d'ingénieur de l'École supérieure de physique et de chimie industrielles de la ville de Paris,ESPCI,3 ans,Bac + 5,19798.0,1,niveau 7 (bac + 5),"Ministère de l'Enseignement supérieur, de la Recherche et de l'Innovation",https://www.onisep.fr/http/redirection/formation/slug/FOR.935,"sciences/biologie | sciences/chimie | matières premières, fabrication, industries/matériaux | sciences/physique"
231,,mastère spé.,mastère spécialisé,mastère spé. Génie civil des grands ouvrages pour l'énergie (École des Ponts ParisTech - CentraleSupélec),,1 an,Bac + 6,,0,non inscrit au RNCP,non renseigné,https://www.onisep.fr/http/redirection/formation/slug/FOR.3026,"construction, architecture, travaux publics/génie civil | construction, architecture, travaux publics/travaux publics"
231,,mastère spé.,mastère spécialisé,mastère spé. Génie civil européen (École des Ponts Paristech),,1 an,Bac + 6,,0,non inscrit au RNCP,non renseigné,https://www.onisep.fr/http/redirection/formation/slug/FOR.1419,"construction, architecture, travaux publics/génie civil, construction (généralités)"
255,1703260W,,diplôme d'ingénieur,diplôme d'ingénieur de l'École supérieure d'ingénieurs Paris-Est de l'Université Gustave Eiffel spécialité électronique et informatique,ESIPE UGE,3 ans,Bac + 5,,1,niveau 7 (bac + 5),"Ministère de l'Enseignement supérieur, de la Recherche et de l'Innovation",https://www.onisep.fr/http/redirection/formation/slug/FOR.6153,"électricité, électronique, robotique/électronique | informatique, Internet/informatique industrielle et technologique | électricité, électronique, robotique/télécommunications"
255,1702550S,,diplôme d'ingénieur,diplôme d'ingénieur de l'École polytechnique universitaire de l'université Paris-Saclay spécialité photonique,Polytech,3 ans,Bac + 5,,1,niveau 7 (bac + 5),"Ministère de l'Enseignement supérieur, de la Recherche et de l'Innovation",https://www.onisep.fr/http/redirection/formation/slug/FOR.8310,"mécanique/aéronautique | électricité, électronique, robotique/électronique | sciences/physique"
310,,,formation d'école spécialisée,Master of Science Data Science for Business (HEC Paris - Ecole Polytechnique),,2 ans,Bac + 5,,0,non inscrit au RNCP,non renseigné,https://www.onisep.fr/http/redirection/formation/slug/FOR.3588,"informatique, Internet/bases de données | commerce, marketing, vente/marketing, vente"
310,,,formation d'école spécialisée,Masters of arts de l'American University of Paris,,2 ans,Bac + 5,,0,non inscrit au RNCP,non renseigné,https://www.onisep.fr/http/redirection/formation/slug/FOR.2610,"information-communication, audiovisuel/communication | économie, droit, politique/sciences politiques"
311,,mastère spé.,mastère spécialisé,mastère spé. Manager de projets en infrastructures de recharge et véhicules électriques et autonomes  (ENSAM Lille  - ENSTA Paris - Mines Paris),,1 an,Bac + 6,,0,non inscrit au RNCP,non renseigné,https://www.onisep.fr/http/redirection/formation/slug/FOR.3353,"environnement, énergies, propreté/énergies | logistique, transport/transport"
222,,,diplôme d'ingénieur,diplôme d'ingénieur de l'École nationale supérieure de chimie de Paris,ENSCP,3 ans,Bac + 5,4590.0,1,niveau 7 (bac + 5),"Ministère de l'Enseignement supérieur, de la Recherche et de l'Innovation",https://www.onisep.fr/http/redirection/formation/slug/FOR.930,"gestion des entreprises, comptabilité/administration de l'entreprise | sciences/biologie | sciences/chimie | environnement, énergies, propreté/énergies | environnement, énergies, propreté/environnement (généralités) | matières premières, fabrication, industries/études et développement | matières premières, fabrication, industries/fonction production (généralités) | matières premières, fabrication, industries/génie industriel | matières premières, fabrication, industries/matériaux | matières premières, fabrication, industries/méthodes industrialisation"
251,1702510M,,diplôme d'ingénieur,diplôme d'ingénieur de l'École supérieure d'ingénieurs Paris-Est de l'Université Gustave Eiffel spécialité mécanique,ESIPE UGE,3 ans,Bac + 5,26659.0,1,niveau 7 (bac + 5),"Ministère de l'Enseignement supérieur, de la Recherche et de l'Innovation",https://www.onisep.fr/http/redirection/formation/slug/FOR.5671,"matières premières, fabrication, industries/études et développement | informatique, Internet/informatique industrielle et technologique | matières premières, fabrication, industries/matériaux | mécanique/mécanique (généralités) | matières premières, fabrication, industries/méthodes industrialisation"
255,,,diplôme d'ingénieur,diplôme d'ingénieur de Télécom SudParis de l'Institut Mines-Télécom spécialité informatique et réseaux,IMT,3 ans,Bac + 5,,1,niveau 7 (bac + 5),"Ministère de l'Enseignement supérieur, de la Recherche et de l'Innovation",https://www.onisep.fr/http/redirection/formation/slug/FOR.9410,"informatique, Internet/informatique (généralités) | informatique, Internet/systèmes et réseaux | électricité, électronique, robotique/télécommunications"
255,1702550S,,diplôme d'ingénieur,diplôme d'ingénieur de l'École polytechnique universitaire de l'université Paris-Saclay spécialité photonique en partenariat avec l'ITII Ile de France,Polytech,3 ans,Bac + 5,,1,niveau 7 (bac + 5),"Ministère de l'Enseignement supérieur, de la Recherche et de l'Innovation",https://www.onisep.fr/http/redirection/formation/slug/FOR.8311,"mécanique/automatismes | électricité, électronique, robotique/électronique | informatique, Internet/informatique industrielle et technologique | santé, social, sport/paramédical | sciences/physique | santé, social, sport/santé (généralités)"
255,1702010R,,diplôme d'ingénieur,diplôme d'ingénieur de l'Institut des sciences et techniques des Yvelines de l'université de Versailles Saint-Quentin en Yvelines spécialité systèmes électroniques embarqués en partenariat avec l'ITII Ile de France,ISTY,3 ans,Bac + 5,34756.0,1,niveau 7 (bac + 5),"Ministère de l'Enseignement supérieur, de la Recherche et de l'Innovation",https://www.onisep.fr/http/redirection/formation/slug/FOR.6131,"mécanique/aéronautique | électricité, électronique, robotique/électronique | matières premières, fabrication, industries/fonction production (généralités) | informatique, Internet/informatique (généralités)"
255,,MSc,master of science,MSc Electrical and Optical Engineering (Télécom SudParis),,2 ans,Bac + 5,,0,non inscrit au RNCP,non renseigné,https://www.onisep.fr/http/redirection/formation/slug/FOR.2961,"électricité, électronique, robotique/électronique"
255,,,diplôme d'ingénieur,diplôme d'ingénieur de l'université Paris-XIII spécialité télécommunications et réseaux,Sup Galilée,5 ans,Bac + 5,12851.0,1,niveau 7 (bac + 5),"Ministère de l'Enseignement supérieur, de la Recherche et de l'Innovation",https://www.onisep.fr/http/redirection/formation/slug/FOR.5581,"électricité, électronique, robotique/électronique | informatique, Internet/informatique (généralités) | information-communication, audiovisuel/multimédia | informatique, Internet/systèmes et réseaux | électricité, électronique, robotique/télécommunications"
310,25531001,,formation d'école spécialisée,Diplôme de premier cycle de l'université Paris-Dauphine mention gestion,,3 ans,Bac + 3,25254.0,2,niveau 6 (bac + 3),non renseigné,https://www.onisep.fr/http/redirection/formation/slug/FOR.7334,"gestion des entreprises, comptabilité/administration de l'entreprise"
323,,,diplôme d'ingénieur,diplôme d'ingénieur de l'École supérieure d'ingénieurs Paris-Est de l'Université Gustave Eiffel spécialité multimédia et technologies de l'information,ESIPE UGE,3 ans,Bac + 5,,1,niveau 7 (bac + 5),"Ministère de l'Enseignement supérieur, de la Recherche et de l'Innovation",https://www.onisep.fr/http/redirection/formation/slug/FOR.5627,"arts, culture, artisanat/arts graphiques | information-communication, audiovisuel/audiovisuel | information-communication, audiovisuel/communication | informatique, Internet/développement, programmation, logiciel | électricité, électronique, robotique/électronique | informatique, Internet/informatique (généralités) | information-communication, audiovisuel/multimédia"
323,,,formation d'école spécialisée,Diplôme supérieur des métiers du son du CNSMD de Paris,,4 ans,Bac + 5,,1,niveau 7 (bac + 5),Ministère de la Culture et de la communication,https://www.onisep.fr/http/redirection/formation/slug/FOR.347,"arts, culture, artisanat/arts du spectacle | information-communication, audiovisuel/audiovisuel"
326,,mastère spé.,mastère spécialisé,mastère spé. Big Data : gestion et analyse de données massives (TELECOM Paris),,1 an,Bac + 6,,0,non inscrit au RNCP,non renseigné,https://www.onisep.fr/http/redirection/formation/slug/FOR.2406,"informatique, Internet/bases de données | sciences/mathématiques"
326,,,diplôme d'ingénieur,diplôme d'ingénieur de l'École d'ingénieurs Denis Diderot de l'université Paris Cité spécialité génie physique,EIDD,3 ans,Bac + 5,,1,niveau 7 (bac + 5),"Ministère de l'Enseignement supérieur, de la Recherche et de l'Innovation",https://www.onisep.fr/http/redirection/formation/slug/FOR.7817,"mécanique/aéronautique | électricité, électronique, robotique/électronique | matières premières, fabrication, industries/études et développement | informatique, Internet/informatique (généralités) | sciences/physique | informatique, Internet/systèmes et réseaux | électricité, électronique, robotique/télécommunications"
326,,MSc,master of science,MSc Computer Science for Communication Networks (Télécom SudParis),,2 ans,Bac + 5,,0,non inscrit au RNCP,non renseigné,https://www.onisep.fr/http/redirection/formation/slug/FOR.4156,"informatique, Internet/informatique (généralités) | information-communication, audiovisuel/multimédia | électricité, électronique, robotique/télécommunications"
326,17032601,,diplôme d'ingénieur,diplôme d'ingénieur de l'université Paris-XIII spécialité informatique,Sup Galilée,5 ans,Bac + 5,12854.0,1,niveau 7 (bac + 5),"Ministère de l'Enseignement supérieur, de la Recherche et de l'Innovation",https://www.onisep.fr/http/redirection/formation/slug/FOR.5677,"informatique, Internet/développement, programmation, logiciel | informatique, Internet/informatique (généralités) | informatique, Internet/systèmes et réseaux"
200,,,diplôme d'ingénieur,diplôme d'ingénieur de l'université Paris-XIII spécialité instrumentation,Sup Galilée,5 ans,Bac + 5,,1,niveau 7 (bac + 5),"Ministère de l'Enseignement supérieur, de la Recherche et de l'Innovation",https://www.onisep.fr/http/redirection/formation/slug/FOR.5327,"électricité, électronique, robotique/électronique | santé, social, sport/santé (généralités)"
200,,mastère spé.,mastère spécialisé,mastère spé. Management de la qualité (Arts et Métiers ParisTech - ENSAM),,1 an,Bac + 6,,0,non inscrit au RNCP,non renseigné,https://www.onisep.fr/http/redirection/formation/slug/FOR.1254,"matières premières, fabrication, industries/fonction production (généralités) | matières premières, fabrication, industries/maintenance, qualité"
200,,mastère spé.,mastère spécialisé,mastère spé. Supply Chain Design and Management (École des ponts ParisTech),,1 an,Bac + 6,,0,non inscrit au RNCP,non renseigné,https://www.onisep.fr/http/redirection/formation/slug/FOR.2880,"logistique, transport/logistique"
200,1702010Z,,diplôme d'ingénieur,diplôme d'ingénieur de l'Institut des sciences et techniques des Yvelines de l'université de Versailles Saint-Quentin en Yvelines spécialité systèmes numériques pour l'industrie en partenariat avec l'ITII Ile de France,ISTY,3 ans,Bac + 5,38234.0,1,niveau 7 (bac + 5),"Ministère de l'Enseignement supérieur, de la Recherche et de l'Innovation",https://www.onisep.fr/http/redirection/formation/slug/FOR.6133,"mécanique/automatismes | matières premières, fabrication, industries/études et développement | matières premières, fabrication, industries/fonction production (généralités) | informatique, Internet/informatique industrielle et technologique | matières premières, fabrication, industries/maintenance, qualité | sciences/mathématiques | matières premières, fabrication, industries/méthodes industrialisation"
213,,mastère spé.,mastère spécialisé,"mastère spé. Forêt, nature et société - management international (AgroParisTech Campus de Montpellier et Nancy)",,1 an,Bac + 6,,0,non inscrit au RNCP,non renseigné,https://www.onisep.fr/http/redirection/formation/slug/FOR.775,"environnement, énergies, propreté/environnement (généralités) | agriculture, animaux/forêt"
220,,mastère spé.,mastère spécialisé,mastère spé. Design des matériaux et structures (Mines ParisTech),,1 an,Bac + 6,,0,non inscrit au RNCP,non renseigné,https://www.onisep.fr/http/redirection/formation/slug/FOR.4591,"matières premières, fabrication, industries/matériaux | sciences/physique"
227,,mastère spé.,mastère spécialisé,mastère spé. Expert en sûreté nucléaire (Arts et Métiers ParisTech),,1 an,Bac + 6,,0,non inscrit au RNCP,non renseigné,https://www.onisep.fr/http/redirection/formation/slug/FOR.2964,"environnement, énergies, propreté/déchets, pollutions et risques | environnement, énergies, propreté/énergies | armée, sécurité/sécurité, prévention"
227,17020025,,diplôme d'ingénieur,diplôme d'ingénieur de l'université Paris-XIII spécialité énergétique,Sup Galilée,3 ans,Bac + 5,12858.0,1,niveau 7 (bac + 5),"Ministère de l'Enseignement supérieur, de la Recherche et de l'Innovation",https://www.onisep.fr/http/redirection/formation/slug/FOR.6053,"environnement, énergies, propreté/énergies | construction, architecture, travaux publics/équipement technique"
231,17034101,,diplôme d'ingénieur,diplôme d'ingénieur de l'École des ingénieurs de la Ville de Paris spécialité génie urbain,EIVP,3 ans,Bac + 5,38094.0,1,niveau 7 (bac + 5),"Ministère de l'Enseignement supérieur, de la Recherche et de l'Innovation",https://www.onisep.fr/http/redirection/formation/slug/FOR.8072,"environnement, énergies, propreté/aménagement du territoire | construction, architecture, travaux publics/architecture | environnement, énergies, propreté/environnement (généralités) | construction, architecture, travaux publics/génie civil | construction, architecture, travaux publics/génie civil, construction (généralités) | logistique, transport/transport | environnement, énergies, propreté/urbanisme"
232,,mastère spé.,mastère spécialisé,"mastère spé. BIM, conception intégrée et cycle de vie du bâtiment et des infrastructures (École des Ponts ParisTech)",,1 an,Bac + 6,,0,non inscrit au RNCP,non renseigné,https://www.onisep.fr/http/redirection/formation/slug/FOR.4590,"matières premières, fabrication, industries/études et développement | construction, architecture, travaux publics/génie civil, construction (généralités) | sciences/physique"
250,,mastère spé.,mastère spécialisé,mastère spé. Manager de projet en infrastructures de recharge et véhicules électriques et autonomes (Arts et Métiers Paris - ENSTA - Mines Paris),,1 an,Bac + 6,,0,non inscrit au RNCP,non renseigné,https://www.onisep.fr/http/redirection/formation/slug/FOR.2938,"gestion des entreprises, comptabilité/administration de l'entreprise | mécanique/automobile | électricité, électronique, robotique/électronique | électricité, électronique, robotique/électrotechnique | environnement, énergies, propreté/énergies | armée, sécurité/sécurité, prévention"
326,17032619,,diplôme d'ingénieur,diplôme d'ingénieur de CY Tech de CY Cergy Paris Université spécialité informatique,CY Tech,3 ans,Bac + 5,36424.0,1,niveau 7 (bac + 5),"Ministère de l'Enseignement supérieur, de la Recherche et de l'Innovation",https://www.onisep.fr/http/redirection/formation/slug/FOR.7783,"mécanique/automatismes | informatique, Internet/bases de données | information-communication, audiovisuel/bibliothèque, documentation | informatique, Internet/développement, programmation, logiciel | électricité, électronique, robotique/électronique | informatique, Internet/informatique (généralités) | informatique, Internet/informatique de gestion | information-communication, audiovisuel/multimédia | informatique, Internet/systèmes et réseaux | information-communication, audiovisuel/technologies de l'information"
326,,,diplôme d'ingénieur,diplôme d'ingénieur de l'École d'ingénieurs Denis Diderot de l'université Paris Cité spécialité systèmes informatiques embarqués,EIDD,3 ans,Bac + 5,,1,niveau 7 (bac + 5),"Ministère de l'Enseignement supérieur, de la Recherche et de l'Innovation",https://www.onisep.fr/http/redirection/formation/slug/FOR.7815,"informatique, Internet/développement, programmation, logiciel | électricité, électronique, robotique/électronique | matières premières, fabrication, industries/études et développement | sciences/mathématiques"
326,,mastère spé.,mastère spécialisé,"mastère spé. Conception, architecture de réseaux et cybersécurité (TELECOM Paris)",,1 an,Bac + 6,,0,non inscrit au RNCP,non renseigné,https://www.onisep.fr/http/redirection/formation/slug/FOR.2071,"informatique, Internet/informatique (généralités) | information-communication, audiovisuel/multimédia | armée, sécurité/sécurité, prévention | informatique, Internet/systèmes et réseaux | électricité, électronique, robotique/télécommunications"
326,,mastère spé.,mastère spécialisé,mastère spé. Cybersécurité et cyberdéfense (TELECOM Paris),,1 an,Bac + 6,,0,non inscrit au RNCP,non renseigné,https://www.onisep.fr/http/redirection/formation/slug/FOR.763,"armée, sécurité/défense publique | électricité, électronique, robotique/électronique | information-communication, audiovisuel/multimédia | informatique, Internet/systèmes et réseaux"
326,,,diplôme d'ingénieur,diplôme d'ingénieur de l'Institut des sciences et techniques des Yvelines de l'université de Versailles Saint-Quentin en Yvelines spécialité informatique,ISTY,3 ans,Bac + 5,34743.0,1,niveau 7 (bac + 5),"Ministère de l'Enseignement supérieur, de la Recherche et de l'Innovation",https://www.onisep.fr/http/redirection/formation/slug/FOR.5625,"informatique, Internet/bases de données | informatique, Internet/développement, programmation, logiciel | informatique, Internet/informatique (généralités) | informatique, Internet/systèmes et réseaux | information-communication, audiovisuel/technologies de l'information"
326,17032612,,diplôme d'ingénieur,diplôme d'ingénieur de l'École supérieure d'ingénieurs de Paris Est (EPISEN exEsipe) Créteil de l'université Paris-Est Créteil Val-de-Marne spécialité systèmes d'information,ESIPE EPISEN,3 ans,Bac + 5,36689.0,1,niveau 7 (bac + 5),"Ministère de l'Enseignement supérieur, de la Recherche et de l'Innovation",https://www.onisep.fr/http/redirection/formation/slug/FOR.7795,"informatique, Internet/bases de données | informatique, Internet/développement, programmation, logiciel | électricité, électronique, robotique/électronique | informatique, Internet/informatique (généralités) | information-communication, audiovisuel/multimédia | santé, social, sport/santé (généralités) | informatique, Internet/systèmes et réseaux | information-communication, audiovisuel/technologies de l'information | électricité, électronique, robotique/télécommunications"
326,,mastère spé.,mastère spécialisé,mastère spé. Intelligence artificielle (TELECOM Paris - ENSTA Paris),,1 an,Bac + 6,35701.0,1,niveau 7 (bac + 5),non renseigné,https://www.onisep.fr/http/redirection/formation/slug/FOR.3984,"mécanique/automatismes | informatique, Internet/informatique (généralités)"
326,,mastère spé.,mastère spécialisé,mastère spé. Architecte digital d'entreprise (TELECOM Paris),,1 an,Bac + 6,38293.0,1,niveau 7 (bac + 5),non renseigné,https://www.onisep.fr/http/redirection/formation/slug/FOR.2939,"informatique, Internet/systèmes et réseaux | électricité, électronique, robotique/télécommunications"
326,,mastère spé.,mastère spécialisé,mastère spé. Data Science (ENSAE Paris),,1 an,Bac + 6,,0,non inscrit au RNCP,non renseigné,https://www.onisep.fr/http/redirection/formation/slug/FOR.2090,"informatique, Internet/bases de données | informatique, Internet/informatique (généralités) | information-communication, audiovisuel/technologies de l'information"
326,17032631,,diplôme d'ingénieur,diplôme d'ingénieur ESIEE IT - CCI Paris Ile de France Education,ESIEE IT,3 ans,Bac + 5,35837.0,1,niveau 7 (bac + 5),non renseigné,https://www.onisep.fr/http/redirection/formation/slug/FOR.6950,"arts, culture, artisanat/arts graphiques | mécanique/automatismes | informatique, Internet/bases de données | environnement, énergies, propreté/environnement (généralités) | matières premières, fabrication, industries/études et développement | matières premières, fabrication, industries/fonction production (généralités) | informatique, Internet/informatique (généralités) | sciences/mathématiques | information-communication, audiovisuel/multimédia | santé, social, sport/santé (généralités) | informatique, Internet/systèmes et réseaux | information-communication, audiovisuel/technologies de l'information"
331,36X33102,,formation d'école spécialisée,délégué pharmaceutique (Akalis - Collège de Paris),,1 an,Bac + 2,37056.0,3,niveau 5 (bac + 2),non renseigné,https://www.onisep.fr/http/redirection/formation/slug/FOR.8469,"santé, social, sport/paramédical"
227,,MSc,master of science,MSc Sustainable Energy Futures (ECE Paris),,2 ans,Bac + 5,,0,non inscrit au RNCP,non renseigné,https://www.onisep.fr/http/redirection/formation/slug/FOR.7029,"environnement, énergies, propreté/énergies | environnement, énergies, propreté/environnement (généralités)"
227,,mastère spé.,mastère spécialisé,mastère spé. Management of Energy Projects - Designing and Implementing Innovative propositions for Energy Projects (Ecole des Ponts ParisTech),,1 an,Bac + 6,,0,non inscrit au RNCP,non renseigné,https://www.onisep.fr/http/redirection/formation/slug/FOR.1786,"environnement, énergies, propreté/énergies | matières premières, fabrication, industries/études et développement | matières premières, fabrication, industries/fonction production (généralités) | matières premières, fabrication, industries/génie industriel"
343,,mastère spé.,mastère spécialisé,mastère spé. Gestion de l'eau (AgroParisTech - Campus de Montpellier),,1 an,Bac + 6,,0,non inscrit au RNCP,non renseigné,https://www.onisep.fr/http/redirection/formation/slug/FOR.2168,"environnement, énergies, propreté/environnement (généralités) | environnement, énergies, propreté/gestion de l'eau"
343,,mastère spé.,mastère spécialisé,mastère spé. Politiques publiques et stratégies pour l'environnement (AgroParisTech - Campus de Paris-Saclay),PPSE,1 an,Bac + 6,,0,non inscrit au RNCP,non renseigné,https://www.onisep.fr/http/redirection/formation/slug/FOR.774,"environnement, énergies, propreté/aménagement du territoire | environnement, énergies, propreté/environnement (généralités) | économie, droit, politique/sciences politiques"
120,,CPGE,classe préparatoire économique et commerciale,"Classe préparatoire Economie et gestion option économie, méthodes quantitatives et gestion (ENS Paris-Saclay D2), 1re année",Saclay1-D2,1 an,Bac + 1,,0,non inscrit au RNCP,"Ministère de l'Enseignement supérieur, de la Recherche et de l'Innovation",https://www.onisep.fr/http/redirection/formation/slug/FOR.5684,"gestion des entreprises, comptabilité/administration de l'entreprise | économie, droit, politique/droit (généralités) | économie, droit, politique/sciences économiques"
121,,mastère spé.,mastère spécialisé,"mastère spé. DeSIgeo, décision et systèmes d'information géolocalisée (ENSG - Géomatique - École des Ponts ParisTech - CNAM)",,1 an,Bac + 6,,0,non inscrit au RNCP,non renseigné,https://www.onisep.fr/http/redirection/formation/slug/FOR.4551,"histoire-géographie, psychologie, sociologie/géographie | informatique, Internet/informatique (généralités) | information-communication, audiovisuel/technologies de l'information"
123,,,formation d'école spécialisée,Diplôme de premier cycle de l'université Paris-Dauphine mention sciences sociales,,3 ans,Bac + 3,25256.0,2,niveau 6 (bac + 3),non renseigné,https://www.onisep.fr/http/redirection/formation/slug/FOR.7339,"histoire-géographie, psychologie, sociologie/sciences humaines et sociales (généralités)"
133,,,formation d'école spécialisée,Diplôme de 1er cycle supérieur de notation du mouvement du CNSMD de Paris,,2 ans,Bac ou équivalent,,0,non inscrit au RNCP,non renseigné,https://www.onisep.fr/http/redirection/formation/slug/FOR.9351,"arts, culture, artisanat/arts du spectacle"
326,,mastère spé.,mastère spécialisé,mastère spé. Satellite Communication Systems : from Engineering to End-to-End Systems (ENSEEIHT - INP Toulouse - Télécom SudParis),,1 an,Bac + 6,,0,non inscrit au RNCP,non renseigné,https://www.onisep.fr/http/redirection/formation/slug/FOR.4232,"mécanique/aéronautique | électricité, électronique, robotique/télécommunications"
326,,mastère spé.,mastère spécialisé,mastère spé. Management des systèmes d'information en réseaux (ESSEC - TELECOM Paris),,1 an,Bac + 6,,0,non inscrit au RNCP,non renseigné,https://www.onisep.fr/http/redirection/formation/slug/FOR.2927,"informatique, Internet/systèmes et réseaux | information-communication, audiovisuel/technologies de l'information"
326,,mastère spé.,mastère spécialisé,mastère spé. Réseaux et services (TELECOM SudParis),,1 an,Bac + 6,,0,non inscrit au RNCP,non renseigné,https://www.onisep.fr/http/redirection/formation/slug/FOR.2302,"informatique, Internet/systèmes et réseaux | électricité, électronique, robotique/télécommunications"
326,,MSc,master of science,MSc Management of Technology - Information Systems (ESIEE Paris),MOTIS,1 an,Bac + 5,,0,non inscrit au RNCP,non renseigné,https://www.onisep.fr/http/redirection/formation/slug/FOR.2879,"information-communication, audiovisuel/technologies de l'information"
326,,mastère spé.,mastère spécialisé,mastère spé. Architecte réseaux et cybersécurité (ARC) (TELECOM Paris),,1 an,Bac + 6,,0,non inscrit au RNCP,non renseigné,https://www.onisep.fr/http/redirection/formation/slug/FOR.2940,"électricité, électronique, robotique/électronique | armée, sécurité/sécurité, prévention | informatique, Internet/systèmes et réseaux | électricité, électronique, robotique/télécommunications"
331,17033103,,diplôme d'ingénieur,diplôme d'ingénieur de l'École d'ingénieurs Denis Diderot de l'université Paris Cité spécialité génie biologique,EIDD,3 ans,Bac + 5,36672.0,1,niveau 7 (bac + 5),"Ministère de l'Enseignement supérieur, de la Recherche et de l'Innovation",https://www.onisep.fr/http/redirection/formation/slug/FOR.7814,"sciences/biologie | informatique, Internet/informatique (généralités)"
133,,,formation d'école spécialisée,Diplôme de 2nd cycle supérieur de musique du CNSMD de Paris,,2 ans,Bac + 5,,1,niveau 7 (bac + 5),Ministère de la Culture et de la communication,https://www.onisep.fr/http/redirection/formation/slug/FOR.3258,"arts, culture, artisanat/arts du spectacle"
133,,,formation d'école spécialisée,Diplôme municipal des Beaux-arts de Versailles,,3 ans,Bac + 3,,0,non inscrit au RNCP,Ministère de la Culture et de la communication,https://www.onisep.fr/http/redirection/formation/slug/FOR.337,"arts, culture, artisanat/arts appliqués | arts, culture, artisanat/arts plastiques"
200,,mastère spé.,mastère spécialisé,mastère spé. Management stratégique de l'information et des technologies (HEC Paris - Mines ParisTech),,1 an,Bac + 6,,0,non inscrit au RNCP,non renseigné,https://www.onisep.fr/http/redirection/formation/slug/FOR.4488,"gestion des entreprises, comptabilité/administration de l'entreprise | information-communication, audiovisuel/technologies de l'information"
200,,mastère spé.,mastère spécialisé,mastère spé. Management de l'innovation dans les agro-activités et les bio-industries (AgroParisTech - NEOMA BS),MASTERNOVA,1 an,Bac + 6,,0,non inscrit au RNCP,non renseigné,https://www.onisep.fr/http/redirection/formation/slug/FOR.2371,"gestion des entreprises, comptabilité/administration de l'entreprise | matières premières, fabrication, industries/agroalimentaire | sciences/biologie | matières premières, fabrication, industries/fonction production (généralités)"
200,,mastère spé.,mastère spécialisé,mastère spé. Manager des risques (Arts et Métiers ParisTech - ENSAM - ESTP),,1 an,Bac + 6,,0,non inscrit au RNCP,non renseigné,https://www.onisep.fr/http/redirection/formation/slug/FOR.643,"armée, sécurité/sécurité, prévention"
200,,,diplôme d'ingénieur,diplôme d'ingénieur de l'École nationale supérieure des mines de Paris,IMT,3 ans,Bac + 5,12314.0,1,niveau 7 (bac + 5),"Ministère de l'Enseignement supérieur, de la Recherche et de l'Innovation",https://www.onisep.fr/http/redirection/formation/slug/FOR.1442,"gestion des entreprises, comptabilité/administration de l'entreprise | mécanique/aéronautique | mécanique/automatismes | sciences/biologie | sciences/chimie | électricité, électronique, robotique/électronique | environnement, énergies, propreté/énergies | environnement, énergies, propreté/environnement (généralités) | matières premières, fabrication, industries/fabrication, productique | logistique, transport/logistique | matières premières, fabrication, industries/matériaux | sciences/mathématiques | mécanique/mécanique (généralités) | matières premières, fabrication, industries/méthodes industrialisation | matières premières, fabrication, industries/mines et carrières | sciences/physique | sciences/sciences de la Terre | informatique, Internet/systèmes et réseaux | information-communication, audiovisuel/technologies de l'information | électricité, électronique, robotique/télécommunications"
227,,mastère spé.,mastère spécialisé,mastère spé. Ingénierie et gestion du gaz (Mines ParisTech),,1 an,Bac + 6,,0,non inscrit au RNCP,non renseigné,https://www.onisep.fr/http/redirection/formation/slug/FOR.1737,"environnement, énergies, propreté/énergies"
227,17022707,,diplôme d'ingénieur,diplôme d'ingénieur de l'École nationale supérieure des mines de Paris en convention avec le CNAM spécialité énergétique en partenariat avec l'ISUPFERE,IMT,3 ans,Bac + 5,37668.0,1,niveau 7 (bac + 5),"Ministère de l'Enseignement supérieur, de la Recherche et de l'Innovation",https://www.onisep.fr/http/redirection/formation/slug/FOR.6235,"environnement, énergies, propreté/déchets, pollutions et risques | environnement, énergies, propreté/énergies | construction, architecture, travaux publics/génie civil, construction (généralités) | matières premières, fabrication, industries/maintenance, qualité"
230,,mastère spé.,mastère spécialisé,mastère spé. Aménagement et maîtrise d'ouvrage urbaine (École des Ponts ParisTech),,1 an,Bac + 6,,0,non inscrit au RNCP,non renseigné,https://www.onisep.fr/http/redirection/formation/slug/FOR.1420,"environnement, énergies, propreté/aménagement du territoire | construction, architecture, travaux publics/génie civil"
231,1702300Q,,diplôme d'ingénieur,diplôme d'ingénieur de l'École supérieure d'ingénieurs des travaux de la construction de Paris,ESITC,5 ans,Bac + 5,36431.0,1,niveau 7 (bac + 5),"Ministère de l'Enseignement supérieur, de la Recherche et de l'Innovation",https://www.onisep.fr/http/redirection/formation/slug/FOR.8058,"environnement, énergies, propreté/aménagement du territoire | construction, architecture, travaux publics/architecture | construction, architecture, travaux publics/génie civil | construction, architecture, travaux publics/génie civil, construction (généralités) | sciences/physique | construction, architecture, travaux publics/travaux publics | environnement, énergies, propreté/urbanisme"
310,,,diplôme d'école de commerce visé de niveau bac + 4 ou 5,Diplôme du programme grande école d'HEC Paris,,3 ans,Bac + 5,37128.0,1,niveau 7 (bac + 5),Chambre de commerce et d'industrie de Paris Île-de-France,https://www.onisep.fr/http/redirection/formation/slug/FOR.1188,"gestion des entreprises, comptabilité/administration de l'entreprise | commerce, marketing, vente/marketing, vente"
310,16X31033,mastère spé.,mastère spécialisé,mastère spé. Expert en environnement et développement durable (Mines Paris),,1 an,Bac + 6,34196.0,1,niveau 7 (bac + 5),non renseigné,https://www.onisep.fr/http/redirection/formation/slug/FOR.3334,"gestion des entreprises, comptabilité/administration de l'entreprise | environnement, énergies, propreté/environnement (généralités) | matières premières, fabrication, industries/génie industriel"
311,,mastère spé.,mastère spécialisé,mastère spé. Smart Mobility - Transformation numérique des systèmes de mobilité (École des Ponts ParisTech - TELECOM Paris),,1 an,Bac + 6,37264.0,1,niveau 7 (bac + 5),non renseigné,https://www.onisep.fr/http/redirection/formation/slug/FOR.4133,"mécanique/automatismes | électricité, électronique, robotique/électronique | logistique, transport/transport"
,,CPI,cycle préparatoire intégré,Cycle préparatoire intégré EFREI Paris - Prépa biologie et numérique,EFREI,2 ans,Bac + 2,,0,non inscrit au RNCP,non renseigné,https://www.onisep.fr/http/redirection/formation/slug/FOR.8868,"sciences/biologie | électricité, électronique, robotique/électronique | informatique, Internet/informatique (généralités) | sciences/mathématiques | sciences/physique"
250,1702000H,,diplôme d'ingénieur,diplôme d'ingénieur de l'École supérieure d'ingénieurs Paris-Est de l'Université Gustave Eiffel spécialité production et gestion des risques,ESIPE UGE,3 ans,Bac + 5,,1,niveau 7 (bac + 5),"Ministère de l'Enseignement supérieur, de la Recherche et de l'Innovation",https://www.onisep.fr/http/redirection/formation/slug/FOR.5435,"électricité, électronique, robotique/électrotechnique | matières premières, fabrication, industries/fonction production (généralités) | matières premières, fabrication, industries/maintenance, qualité | armée, sécurité/sécurité, prévention"
255,,mastère spé.,mastère spécialisé,"mastère spé. Ingénierie des systèmes de localisation et multi-senseurs (ENSTA ParisTech - ENSTA Bretagne) sécurité, internet des objets, aéronautique, renseignement",,1 an,Bac + 6,,0,non inscrit au RNCP,non renseigné,https://www.onisep.fr/http/redirection/formation/slug/FOR.6199,"électricité, électronique, robotique/électronique | matières premières, fabrication, industries/maintenance, qualité | information-communication, audiovisuel/multimédia | armée, sécurité/sécurité, prévention | informatique, Internet/systèmes et réseaux | électricité, électronique, robotique/télécommunications"
255 | 320,1703260Y,,diplôme d'ingénieur,diplôme d'ingénieur de Télécom Paris de l'Institut Mines-Télécom (Institut polytechnique de Paris),IMT,3 ans,Bac + 5,,1,niveau 7 (bac + 5),"Ministère de l'Enseignement supérieur, de la Recherche et de l'Innovation",https://www.onisep.fr/http/redirection/formation/slug/FOR.9935,"mécanique/aéronautique | électricité, électronique, robotique/électronique | matières premières, fabrication, industries/génie industriel | informatique, Internet/informatique (généralités) | sciences/mathématiques | information-communication, audiovisuel/multimédia | informatique, Internet/systèmes et réseaux | électricité, électronique, robotique/télécommunications"
255,17025508,,diplôme d'ingénieur,diplôme d'ingénieur ESIEE Paris,ESIEE,5 ans,Bac + 5,14054.0,1,niveau 7 (bac + 5),"Ministère de l'Enseignement supérieur, de la Recherche et de l'Innovation",https://www.onisep.fr/http/redirection/formation/slug/FOR.1301,"mécanique/aéronautique | informatique, Internet/bases de données | sciences/biologie | électricité, électronique, robotique/électronique | électricité, électronique, robotique/électrotechnique | environnement, énergies, propreté/énergies | environnement, énergies, propreté/environnement (généralités) | matières premières, fabrication, industries/fonction production (généralités) | matières premières, fabrication, industries/génie industriel | informatique, Internet/informatique (généralités) | informatique, Internet/informatique industrielle et technologique | logistique, transport/logistique | mécanique/mécanique (généralités) | information-communication, audiovisuel/multimédia | santé, social, sport/santé (généralités) | informatique, Internet/systèmes et réseaux | information-communication, audiovisuel/technologies de l'information | électricité, électronique, robotique/télécommunications | logistique, transport/transport"
255,,,diplôme d'ingénieur,diplôme d'ingénieur de Télécom SudParis de l'Institut Mines-Télécom,IMT,3 ans,Bac + 5,10849.0,1,niveau 7 (bac + 5),"Ministère de l'Enseignement supérieur, de la Recherche et de l'Innovation",https://www.onisep.fr/http/redirection/formation/slug/FOR.5690,"gestion des entreprises, comptabilité/administration de l'entreprise | mécanique/aéronautique | information-communication, audiovisuel/audiovisuel | électricité, électronique, robotique/électronique | informatique, Internet/informatique (généralités) | sciences/mathématiques | sciences/physique | santé, social, sport/santé (généralités) | électricité, électronique, robotique/télécommunications"
310,26531009,,diplôme d'école de commerce visé (bac + 3),Bachelor en sciences du management - Diplôme d'études supérieures en management (ISC Paris),,3 ans,Bac + 3,36755.0,2,niveau 6 (bac + 3),non renseigné,https://www.onisep.fr/http/redirection/formation/slug/FOR.8825,"gestion des entreprises, comptabilité/administration de l'entreprise"
310,16531237,,diplôme d'école de commerce visé de niveau bac + 4 ou 5,Diplôme du programme grande école de l'ISC Paris,ISC,3 ans,Bac + 5,36686.0,1,niveau 7 (bac + 5),"Ministère de l'Enseignement supérieur, de la Recherche et de l'Innovation",https://www.onisep.fr/http/redirection/formation/slug/FOR.8224,"gestion des entreprises, comptabilité/administration de l'entreprise | commerce, marketing, vente/marketing, vente"
313,,mastère spé.,mastère spécialisé,mastère spé. Finance et gestion de risques (ENSAE Paris),,1 an,Bac + 6,,0,non inscrit au RNCP,non renseigné,https://www.onisep.fr/http/redirection/formation/slug/FOR.3048,"banque, assurances, immobilier/assurances | banque, assurances, immobilier/finances"
321,,,formation d'école spécialisée,Journaliste (ESJ Paris),,3 ans,Bac + 3,,0,non inscrit au RNCP,non renseigné,https://www.onisep.fr/http/redirection/formation/slug/FOR.3464,"information-communication, audiovisuel/journalisme, édition, publicité"
201,1702550R,,diplôme d'ingénieur,diplôme d'ingénieur de l'École polytechnique universitaire de l'université Paris-Saclay spécialité électronique en partenariat avec l'ITII Ile de France,Polytech,3 ans,Bac + 5,,1,niveau 7 (bac + 5),"Ministère de l'Enseignement supérieur, de la Recherche et de l'Innovation",https://www.onisep.fr/http/redirection/formation/slug/FOR.8304,"mécanique/automatismes | électricité, électronique, robotique/électronique | électricité, électronique, robotique/électrotechnique | environnement, énergies, propreté/énergies | matières premières, fabrication, industries/génie industriel | informatique, Internet/informatique industrielle et technologique | information-communication, audiovisuel/technologies de l'information | électricité, électronique, robotique/télécommunications"
201,26520101,,bachelor en sciences et ingénierie,bachelor en sciences et ingénierie - maintenance (CESI Paris Nanterre),CESI,3 ans,Bac + 3,35693.0,2,niveau 6 (bac + 3),non renseigné,https://www.onisep.fr/http/redirection/formation/slug/FOR.6804,"matières premières, fabrication, industries/maintenance, qualité"
313,,mastère spé.,mastère spécialisé,mastère spé. Méthodes quantitatives pour la décision économique et financière (ENSAE Paris),,1 an,Bac + 6,,0,non inscrit au RNCP,non renseigné,https://www.onisep.fr/http/redirection/formation/slug/FOR.3711,"banque, assurances, immobilier/finances | économie, droit, politique/sciences économiques"
133,,,formation d'école spécialisée,Diplôme de pédagogie et formation à l'enseignement de la musique du CNSMD de Paris,,5 ans,Bac + 5,36802.0,1,niveau 7 (bac + 5),Ministère de la Culture et de la communication,https://www.onisep.fr/http/redirection/formation/slug/FOR.3568,"arts, culture, artisanat/arts du spectacle | lettres, langues, enseignement/enseignement"
133,,,formation d'école spécialisée,Diplôme de 2nd cycle supérieur de notation du mouvement du CNSMD de Paris,,1 an,Bac + 4,36796.0,2,niveau 6 (bac + 3),Ministère de la Culture et de la communication,https://www.onisep.fr/http/redirection/formation/slug/FOR.3154,"arts, culture, artisanat/arts du spectacle"
200,,mastère spé.,mastère spécialisé,mastère spé. Management de la maintenance (Arts et Métiers ParisTech - ENSAM),,1 an,Bac + 6,,0,non inscrit au RNCP,non renseigné,https://www.onisep.fr/http/redirection/formation/slug/FOR.2115,"matières premières, fabrication, industries/fonction production (généralités) | matières premières, fabrication, industries/maintenance, qualité"
200,,,diplôme d'ingénieur,diplôme d'ingénieur de l'université Paris-XIII spécialité mathématiques appliquées,Sup Galilée,5 ans,Bac + 5,22596.0,1,niveau 7 (bac + 5),"Ministère de l'Enseignement supérieur, de la Recherche et de l'Innovation",https://www.onisep.fr/http/redirection/formation/slug/FOR.5565,"matières premières, fabrication, industries/fonction production (généralités) | sciences/mathématiques"
201,1703260C,,diplôme d'ingénieur,diplôme d'ingénieur de l'École polytechnique universitaire de l'université Paris-Saclay spécialité informatique en partenariat avec l'ITII Ile de France,Polytech,3 ans,Bac + 5,,1,niveau 7 (bac + 5),"Ministère de l'Enseignement supérieur, de la Recherche et de l'Innovation",https://www.onisep.fr/http/redirection/formation/slug/FOR.8307,"informatique, Internet/informatique (généralités)"
201,1703260C,,diplôme d'ingénieur,diplôme d'ingénieur de l'École polytechnique universitaire de l'université Paris-Saclay spécialité informatique,Polytech,3 ans,Bac + 5,,1,niveau 7 (bac + 5),"Ministère de l'Enseignement supérieur, de la Recherche et de l'Innovation",https://www.onisep.fr/http/redirection/formation/slug/FOR.8306,"mécanique/aéronautique | arts, culture, artisanat/arts graphiques | informatique, Internet/bases de données | informatique, Internet/développement, programmation, logiciel | informatique, Internet/informatique (généralités) | informatique, Internet/systèmes et réseaux"
210,17021005,,diplôme d'ingénieur,diplôme d'ingénieur de l'Institut des sciences et industries du vivant et de l'environnement (AgroParisTech),AgroParisTech,3 ans,Bac + 5,9888.0,1,niveau 7 (bac + 5),Ministère de l'Agriculture et de la Souveraineté alimentaire,https://www.onisep.fr/http/redirection/formation/slug/FOR.591,"gestion des entreprises, comptabilité/administration de l'entreprise | agriculture, animaux/agriculture (généralités) | matières premières, fabrication, industries/agroalimentaire | environnement, énergies, propreté/aménagement du territoire | informatique, Internet/bases de données | sciences/biologie | matières premières, fabrication, industries/bois | sciences/chimie | agriculture, animaux/cultures | agriculture, animaux/élevage, aquaculture | environnement, énergies, propreté/énergies | environnement, énergies, propreté/environnement (généralités) | matières premières, fabrication, industries/études et développement | agriculture, animaux/forêt | environnement, énergies, propreté/gestion de l'eau | sciences/mathématiques | santé, social, sport/paramédical | santé, social, sport/santé (généralités) | information-communication, audiovisuel/technologies de l'information | environnement, énergies, propreté/urbanisme"
220,,mastère spé.,mastère spécialisé,mastère spé. Design by Data-Computational Design et Making (École des Ponts ParisTech),,1 an,Bac + 6,,0,non inscrit au RNCP,non renseigné,https://www.onisep.fr/http/redirection/formation/slug/FOR.3411,"arts, culture, artisanat/arts graphiques | informatique, Internet/bases de données"
220,17022001,,diplôme d'ingénieur,diplôme d'ingénieur de l'École polytechnique universitaire de l'université Paris-Saclay spécialité matériaux,Polytech,3 ans,Bac + 5,,1,niveau 7 (bac + 5),"Ministère de l'Enseignement supérieur, de la Recherche et de l'Innovation",https://www.onisep.fr/http/redirection/formation/slug/FOR.8308,"mécanique/aéronautique | environnement, énergies, propreté/énergies | matières premières, fabrication, industries/matériaux | mécanique/mécanique (généralités)"
313,,mastère spé.,mastère spécialisé,mastère spé. Actuariat (ENSAE Paris),,1 an,Bac + 6,,0,non inscrit au RNCP,non renseigné,https://www.onisep.fr/http/redirection/formation/slug/FOR.2091,"banque, assurances, immobilier/assurances"
313,,mastère spé.,mastère spécialisé,mastère spé. infrastructure projet finance (Ecole des Ponts ParisTech),,1 an,Bac + 6,,0,non inscrit au RNCP,non renseigné,https://www.onisep.fr/http/redirection/formation/slug/FOR.3392,"banque, assurances, immobilier/banque | banque, assurances, immobilier/finances"
312 | 310 | 313,16531230,,diplôme d'école de commerce visé de niveau bac + 4 ou 5,Diplôme du programme grande école de l'EBS Paris,,5 ans,Bac + 5,35177.0,1,niveau 7 (bac + 5),"Ministère de l'Enseignement supérieur, de la Recherche et de l'Innovation",https://www.onisep.fr/http/redirection/formation/slug/FOR.1362,"gestion des entreprises, comptabilité/administration de l'entreprise | commerce, marketing, vente/marketing, vente"
326,25532601,,formation d'école spécialisée,Diplôme de premier cycle de l'université Paris-Dauphine mention informatique des organisations,,3 ans,Bac + 3,25258.0,2,niveau 6 (bac + 3),non renseigné,https://www.onisep.fr/http/redirection/formation/slug/FOR.7340,"informatique, Internet/informatique de gestion"
326,1703260X,,diplôme d'ingénieur,diplôme d'ingénieur de l'École supérieure d'ingénieurs Paris-Est de l'Université Gustave Eiffel spécialité informatique,ESIPE UGE,3 ans,Bac + 5,,1,niveau 7 (bac + 5),"Ministère de l'Enseignement supérieur, de la Recherche et de l'Innovation",https://www.onisep.fr/http/redirection/formation/slug/FOR.6154,"informatique, Internet/développement, programmation, logiciel | histoire-géographie, psychologie, sociologie/géographie | informatique, Internet/informatique (généralités) | électricité, électronique, robotique/télécommunications"
326,,MSc,master of science,MSc Data Science and Network Intelligence (Télécom SudParis),,1 an,Bac + 5,,0,non inscrit au RNCP,non renseigné,https://www.onisep.fr/http/redirection/formation/slug/FOR.4173,"informatique, Internet/bases de données | informatique, Internet/informatique (généralités) | information-communication, audiovisuel/multimédia"
326,26532604,,bachelor en sciences et ingénierie,bachelor en sciences et ingénierie - concepteur développeur programmation globale  (EFREI Paris),EFREI,3 ans,Bac + 3,36193.0,2,niveau 6 (bac + 3),"Ministère de l'Enseignement supérieur, de la Recherche et de l'Innovation",https://www.onisep.fr/http/redirection/formation/slug/FOR.6807,"informatique, Internet/développement, programmation, logiciel | matières premières, fabrication, industries/études et développement | matières premières, fabrication, industries/fonction production (généralités)"
326,1703260Z,,diplôme d'ingénieur,diplôme d'ingénieur d'EFREI Paris,EFREI,3 ans,Bac + 5,38532.0,1,niveau 7 (bac + 5),"Ministère de l'Enseignement supérieur, de la Recherche et de l'Innovation",https://www.onisep.fr/http/redirection/formation/slug/FOR.1439,"gestion des entreprises, comptabilité/administration de l'entreprise | mécanique/aéronautique | arts, culture, artisanat/arts graphiques | banque, assurances, immobilier/assurances | mécanique/automatismes | banque, assurances, immobilier/banque | informatique, Internet/bases de données | information-communication, audiovisuel/bibliothèque, documentation | sciences/biologie | informatique, Internet/développement, programmation, logiciel | électricité, électronique, robotique/électronique | environnement, énergies, propreté/énergies | matières premières, fabrication, industries/études et développement | banque, assurances, immobilier/finances | matières premières, fabrication, industries/fonction production (généralités) | matières premières, fabrication, industries/génie industriel | informatique, Internet/informatique (généralités) | logistique, transport/logistique | commerce, marketing, vente/marketing, vente | sciences/mathématiques | information-communication, audiovisuel/multimédia | santé, social, sport/santé (généralités) | informatique, Internet/systèmes et réseaux | information-communication, audiovisuel/technologies de l'information | électricité, électronique, robotique/télécommunications | logistique, transport/transport"
326,,,formation d'école spécialisée,Bachelor ingénierie cybersécurité et intelligence artificielle (ESEO Paris Vélizy),,3 ans,Bac + 3,,0,non inscrit au RNCP,non renseigné,https://www.onisep.fr/http/redirection/formation/slug/FOR.9098,"informatique, Internet/développement, programmation, logiciel | informatique, Internet/informatique (généralités) | information-communication, audiovisuel/multimédia | informatique, Internet/systèmes et réseaux"
323,,mastère spé.,mastère spécialisé,mastère spé. Concepteur de projet digital - création et production multimédia (TELECOM Paris),,1 an,Bac + 6,,0,non inscrit au RNCP,non renseigné,https://www.onisep.fr/http/redirection/formation/slug/FOR.1684,"information-communication, audiovisuel/audiovisuel | information-communication, audiovisuel/multimédia"
313,,mastère spé.,mastère spécialisé,mastère spé. Immobilier et bâtiment durables : transitions énergétique et numérique (Ecole des Ponts ParisTech),IBD,1 an,Bac + 6,,0,non inscrit au RNCP,non renseigné,https://www.onisep.fr/http/redirection/formation/slug/FOR.605,"construction, architecture, travaux publics/bureau d'études BTP | environnement, énergies, propreté/énergies | environnement, énergies, propreté/environnement (généralités) | construction, architecture, travaux publics/génie civil, construction (généralités) | banque, assurances, immobilier/immobilier"
315,26X31542,,formation d'école spécialisée,responsable formation et développement des compétences (CESI Paris Nanterre),,1 an,Bac + 3,36145.0,2,niveau 6 (bac + 3),non renseigné,https://www.onisep.fr/http/redirection/formation/slug/FOR.8198,"lettres, langues, enseignement/enseignement | gestion des entreprises, comptabilité/ressources humaines"
220,17022001,,diplôme d'ingénieur,diplôme d'ingénieur de l'École polytechnique universitaire de l'université Paris-Saclay spécialité matériaux en partenariat avec l'ITII Ile-de-France,Polytech,3 ans,Bac + 5,,1,niveau 7 (bac + 5),"Ministère de l'Enseignement supérieur, de la Recherche et de l'Innovation",https://www.onisep.fr/http/redirection/formation/slug/FOR.8309,"environnement, énergies, propreté/déchets, pollutions et risques | environnement, énergies, propreté/énergies | matières premières, fabrication, industries/études et développement | matières premières, fabrication, industries/matériaux | matières premières, fabrication, industries/méthodes industrialisation | sciences/physique | information-communication, audiovisuel/technologies de l'information | mécanique/travail des métaux"
220,,,diplôme d'ingénieur,diplôme d'ingénieur de l'École d'ingénieurs Denis Diderot de l'université Paris Cité spécialité matériaux et nanotechnologies,EIDD,3 ans,Bac + 5,28444.0,1,niveau 7 (bac + 5),"Ministère de l'Enseignement supérieur, de la Recherche et de l'Innovation",https://www.onisep.fr/http/redirection/formation/slug/FOR.5911,"sciences/chimie | matières premières, fabrication, industries/matériaux | mécanique/mécanique (généralités) | sciences/physique"
220,,mastère spé.,mastère spécialisé,mastère spé. MAPMOD : Digital Materials and Advanced Processes Modelling (Mines ParisTech),,1 an,Bac + 6,,0,non inscrit au RNCP,non renseigné,https://www.onisep.fr/http/redirection/formation/slug/FOR.4394,"matières premières, fabrication, industries/matériaux | sciences/mathématiques | sciences/physique"
220,,mastère spé.,mastère spécialisé,"mastère spé. Industrie des ressources minérales et société (Mines ParisTech, Mines Nancy, ENSG Géologie)",,1 an,Bac + 6,,0,non inscrit au RNCP,non renseigné,https://www.onisep.fr/http/redirection/formation/slug/FOR.3745,"matières premières, fabrication, industries/matériaux | matières premières, fabrication, industries/mines et carrières | sciences/sciences de la Terre"
221,,mastère spé.,mastère spécialisé,mastère spé. Ingénierie de produits à l'interface cuisine-industrie (AgroParisTech - Campus de Massy et Paris - Maine),IPCI,1 an,Bac + 6,,0,non inscrit au RNCP,non renseigné,https://www.onisep.fr/http/redirection/formation/slug/FOR.776,"matières premières, fabrication, industries/agroalimentaire | matières premières, fabrication, industries/études et développement | hôtellerie-restauration, tourisme/restauration"
310,16531016,,diplôme d'école de commerce visé de niveau bac + 4 ou 5,Diplôme du programme grande école de l'ISG Paris,,5 ans,Bac + 5,37970.0,1,niveau 7 (bac + 5),"Ministère de l'Enseignement supérieur, de la Recherche et de l'Innovation",https://www.onisep.fr/http/redirection/formation/slug/FOR.1367,"gestion des entreprises, comptabilité/administration de l'entreprise | commerce, marketing, vente/marketing, vente"
,,CPI,cycle préparatoire intégré,Cycle préparatoire intégré de l'Icam Grand Paris Sud - La prépa professionnalisante (partenariat avec une université) BUT,ICAM,2 ans,Bac + 2,,0,non inscrit au RNCP,non renseigné,https://www.onisep.fr/http/redirection/formation/slug/FOR.9628,"électricité, électronique, robotique/électrotechnique | matières premières, fabrication, industries/fonction production (généralités) | informatique, Internet/informatique (généralités) | sciences/mathématiques | mécanique/mécanique (généralités) | sciences/physique"
341,,mastère spé.,mastère spécialisé,mastère spé. Politiques et actions publiques pour le développement durable (AgroParisTech - Campus de Paris - Maine - École des Ponts ParisTech),PAPDD,1 an,Bac + 6,,0,non inscrit au RNCP,non renseigné,https://www.onisep.fr/http/redirection/formation/slug/FOR.942,"environnement, énergies, propreté/environnement (généralités) | économie, droit, politique/sciences politiques"
343,,,formation d'école spécialisée,Master en transport et développement durable (ParisTech) (pour étudiants internationaux),,2 ans,Bac + 5,,1,niveau 7 (bac + 5),"Ministère de l'Enseignement supérieur, de la Recherche et de l'Innovation",https://www.onisep.fr/http/redirection/formation/slug/FOR.1573,"environnement, énergies, propreté/environnement (généralités) | logistique, transport/transport"
343,,mastère spé.,mastère spécialisé,mastère spé. International Environmental Management (Mines ParisTech),,1 an,Bac + 6,,0,non inscrit au RNCP,non renseigné,https://www.onisep.fr/http/redirection/formation/slug/FOR.1521,"environnement, énergies, propreté/environnement (généralités) | matières premières, fabrication, industries/génie industriel | économie, droit, politique/sciences économiques"
344,,,formation d'école spécialisée,Diplôme de l'institut de criminologie et de droit pénal de Paris,,1 an,Bac + 3,,0,non inscrit au RNCP,"Ministère de l'Enseignement supérieur, de la Recherche et de l'Innovation",https://www.onisep.fr/http/redirection/formation/slug/FOR.340,"économie, droit, politique/activité judiciaire"
,,CPI,cycle préparatoire intégré,Cycle préparatoire intégré EFREI Paris - Prépa scientifique,EFREI,2 ans,Bac + 2,,0,non inscrit au RNCP,non renseigné,https://www.onisep.fr/http/redirection/formation/slug/FOR.8863,"électricité, électronique, robotique/électronique | informatique, Internet/informatique (généralités) | sciences/mathématiques | sciences/physique"
,,CPI,cycle préparatoire intégré,Cycle préparatoire intégré de l'ISEP (associé avec le Lycée Stanislas de Paris) - prépa associée MPSI-PSI,ISEP,2 ans,Bac + 2,,0,non inscrit au RNCP,non renseigné,https://www.onisep.fr/http/redirection/formation/slug/FOR.9795,"informatique, Internet/bases de données | électricité, électronique, robotique/électronique | matières premières, fabrication, industries/génie industriel | informatique, Internet/informatique (généralités) | sciences/mathématiques | sciences/physique"
341,,mastère spé.,mastère spécialisé,mastère spé. Systèmes d'informations localisées pour l'aménagement des territoires (AgroParisTech - Campus de Montpellier),SILAT,1 an,Bac + 6,,0,non inscrit au RNCP,non renseigné,https://www.onisep.fr/http/redirection/formation/slug/FOR.1531,"environnement, énergies, propreté/aménagement du territoire | histoire-géographie, psychologie, sociologie/géographie | information-communication, audiovisuel/technologies de l'information | environnement, énergies, propreté/urbanisme"
341,26534101,,bachelor en sciences et ingénierie,bachelor en sciences et ingénierie - maquette numérique pour le BTP (CESI Paris Nanterre),CESI,3 ans,Bac + 3,35692.0,2,niveau 6 (bac + 3),non renseigné,https://www.onisep.fr/http/redirection/formation/slug/FOR.6805,"construction, architecture, travaux publics/bureau d'études BTP | matières premières, fabrication, industries/études et développement | sciences/mathématiques"
341,,mastère spé.,mastère spécialisé,mastère spé. Action publique pour le développement durable des territoires et de l'agriculture (ACTERRA) (AgroParistech - Campus de Clermont-Ferrand),,1 an,Bac + 6,,0,non inscrit au RNCP,non renseigné,https://www.onisep.fr/http/redirection/formation/slug/FOR.1783,"agriculture, animaux/agriculture (généralités) | environnement, énergies, propreté/aménagement du territoire | environnement, énergies, propreté/environnement (généralités)"
343,,mastère spé.,mastère spécialisé,"mastère spé. Management des risques sanitaires, alimentaires et environnementaux (AgroParisTech - Campus de Paris - Maine)",ALISéE,1 an,Bac + 6,,0,non inscrit au RNCP,non renseigné,https://www.onisep.fr/http/redirection/formation/slug/FOR.808,"environnement, énergies, propreté/déchets, pollutions et risques | armée, sécurité/sécurité, prévention"
343,,mastère spé.,mastère spécialisé,mastère spé. Eau pour tous - Water for all - International Executive Master Opt (AgroParisTech - Campus de Montpellier),OpT,1 an,Bac + 6,,0,non inscrit au RNCP,non renseigné,https://www.onisep.fr/http/redirection/formation/slug/FOR.809,"environnement, énergies, propreté/environnement (généralités) | environnement, énergies, propreté/gestion de l'eau | santé, social, sport/travail social"
,,CPI,cycle préparatoire intégré,Cycle préparatoire intégré EFREI Paris - Prépa scientifique - campus de Bordeaux,EFREI,2 ans,Bac + 2,,0,non inscrit au RNCP,non renseigné,https://www.onisep.fr/http/redirection/formation/slug/FOR.8884,"électricité, électronique, robotique/électronique | informatique, Internet/informatique (généralités) | sciences/mathématiques | sciences/physique"
,,CPI,cycle préparatoire intégré,Cycle préparatoire intégré EFREI Paris - Prépa plus,EFREI,2 ans,Bac + 2,,0,non inscrit au RNCP,non renseigné,https://www.onisep.fr/http/redirection/formation/slug/FOR.8872,"électricité, électronique, robotique/électronique | informatique, Internet/informatique (généralités) | sciences/mathématiques | sciences/physique"
,,CPI,cycle préparatoire intégré,Cycle préparatoire intégré EFREI Paris - Prépa scientifique en anglais,EFREI,2 ans,Bac + 2,,0,non inscrit au RNCP,non renseigné,https://www.onisep.fr/http/redirection/formation/slug/FOR.8866,"électricité, électronique, robotique/électronique | informatique, Internet/informatique (généralités) | sciences/mathématiques | sciences/physique"
,,CPI,cycle préparatoire intégré,cycle préparatoire intégré de l'ESIEE IT – CCI Paris Île-de-France Education,ESIEE IT,2 ans,Bac + 2,,0,non inscrit au RNCP,non renseigné,https://www.onisep.fr/http/redirection/formation/slug/FOR.9392,"matières premières, fabrication, industries/génie industriel | informatique, Internet/informatique (généralités) | sciences/mathématiques | sciences/physique"
,,CPI,cycle préparatoire intégré,Cycle préparatoire intégré de l'Icam Grand Paris Sud - La prépa scientifique (prépa associée à un lycée partenaire) PTSI-PT,ICAM,2 ans,Bac + 2,,0,non inscrit au RNCP,non renseigné,https://www.onisep.fr/http/redirection/formation/slug/FOR.9577,"matières premières, fabrication, industries/génie industriel | informatique, Internet/informatique (généralités) | sciences/mathématiques | sciences/physique"
,,,bachelor en sciences et ingénierie,"Bachelor en sciences et ingénierie - économie, sciences et technologies multimédia (ESIEE Paris)",ESIEE,3 ans,Bac + 3,,2,niveau 6 (bac + 3),non renseigné,https://www.onisep.fr/http/redirection/formation/slug/FOR.8668,"information-communication, audiovisuel/multimédia | économie, droit, politique/sciences économiques | information-communication, audiovisuel/technologies de l'information"
