n°UAI de l'établissement;Libellé de l'établissement;Région;Niveau de formation;;Taux de poursuite d'études;Taux d'emploi 6 mois après la sortie
0750330B;Lycée technologique privé Ecole Technique Supérieure du Laboratoire;ILE-DE-FRANCE;BTS;32;37;54
0750419Y;Lycée professionnel Mécanique automobile Camille Jenatzy;ILE-DE-FRANCE;BAC;29;45;33
0750419Y;Lycée professionnel Mécanique automobile Camille Jenatzy;ILE-DE-FRANCE;CAP;51;70;27
0750428H;Lycée polyvalent Jacques MONOD - Lycée des métiers des carrières sanitaires et sociales;ILE-DE-FRANCE;BAC;19;60;38
0750428H;Lycée polyvalent Jacques MONOD - Lycée des métiers des carrières sanitaires et sociales;ILE-DE-FRANCE;BTS;20;;
0750428H;Lycée polyvalent Jacques MONOD - Lycée des métiers des carrières sanitaires et sociales;ILE-DE-FRANCE;CAP;;39;17
0750436S;Lycée professionnel Claude Anthime Corbon - Lycée des métiers de la communication et de la gestion d'entreprise;ILE-DE-FRANCE;BAC;21;54;28
0750436S;Lycée professionnel Claude Anthime Corbon - Lycée des métiers de la communication et de la gestion d'entreprise;ILE-DE-FRANCE;CAP;40;81;
0750463W;Lycée polyvalent Lucas de Nehou - Lycée des métiers des arts du verre et des structures verrières;ILE-DE-FRANCE;BAC;21;;
0750463W;Lycée polyvalent Lucas de Nehou - Lycée des métiers des arts du verre et des structures verrières;ILE-DE-FRANCE;BP;;14;
0750463W;Lycée polyvalent Lucas de Nehou - Lycée des métiers des arts du verre et des structures verrières;ILE-DE-FRANCE;BTS;52;62;
0750463W;Lycée polyvalent Lucas de Nehou - Lycée des métiers des arts du verre et des structures verrières;ILE-DE-FRANCE;CAP;26;55;43
0750502N;Lycée polyvalent Maximilien Vox-arts appliqués - design de communication - industries graphiques;ILE-DE-FRANCE;BAC;55;59;20
0750508V;Lycée professionnel Charles de Gaulle;ILE-DE-FRANCE;BAC;21;49;34
0750508V;Lycée professionnel Charles de Gaulle;ILE-DE-FRANCE;MC4;34;34;
0750553U;Lycée professionel Gaston Bachelard;ILE-DE-FRANCE;BAC;62;53;48
0750553U;Lycée professionel Gaston Bachelard;ILE-DE-FRANCE;CAP;51;88;
0750558Z;Lycée polyvalent Paul Poiret;ILE-DE-FRANCE;BAC;29;65;
0750558Z;Lycée polyvalent Paul Poiret;ILE-DE-FRANCE;CAP;36;85;
0750588G;Lycée professionnel René Cassin - Lycée des métiers de la communication de la gestion et du management d'entreprise;ILE-DE-FRANCE;BAC;;49;29
0750588G;Lycée professionnel René Cassin - Lycée des métiers de la communication de la gestion et du management d'entreprise;ILE-DE-FRANCE;BTS;36;44;59
0750612H;Lycée technologique Ecole Nationale Supérieure des Arts Appliqués;ILE-DE-FRANCE;BTS;42;77;15
0750647W;Lycée général et technologique Turgot;ILE-DE-FRANCE;BTS;;48;49
0750650Z;Lycée polyvalent d'Alembert - Lycée des métiers de la mode;ILE-DE-FRANCE;BAC;24;58;38
0750650Z;Lycée polyvalent d'Alembert - Lycée des métiers de la mode;ILE-DE-FRANCE;BTS;31;19;60
0750650Z;Lycée polyvalent d'Alembert - Lycée des métiers de la mode;ILE-DE-FRANCE;CAP;26;66;
0750651A;Lycée polyvalent Simone Weil;ILE-DE-FRANCE;BAC;32;51;36
0750651A;Lycée polyvalent Simone Weil;ILE-DE-FRANCE;BTS;36;43;57
0750653C;Lycée général et technologique Sophie Germain;ILE-DE-FRANCE;BTS;40;54;44
0750664P;Lycée général et technologique Racine;ILE-DE-FRANCE;BTS;11;57;55
0750671X;Lycée polyvalent Edgar Quinet;ILE-DE-FRANCE;BAC;29;44;20
0750671X;Lycée polyvalent Edgar Quinet;ILE-DE-FRANCE;BTS;27;43;55
0750672Y;Lycée technologique Duperré Ecole Supérieure des Arts Appliqués;ILE-DE-FRANCE;BTS;36;82;
0750674A;Lycée technologique Jules Siegfried;ILE-DE-FRANCE;BTS;;43;52
0750676C;Lycée polyvalent Dorian - Lycée des métiers de la mécatronique, de la topographie et de la verrerie;ILE-DE-FRANCE;BAC;26;48;50
0750676C;Lycée polyvalent Dorian - Lycée des métiers de la mécatronique, de la topographie et de la verrerie;ILE-DE-FRANCE;BTS;28;43;55
0750676C;Lycée polyvalent Dorian - Lycée des métiers de la mécatronique, de la topographie et de la verrerie;ILE-DE-FRANCE;CAP;56;76;
0750677D;Lycée polyvalent Elisa Lemonnier;ILE-DE-FRANCE;BAC;31;47;42
0750677D;Lycée polyvalent Elisa Lemonnier;ILE-DE-FRANCE;BTS;33;36;58
0750677D;Lycée polyvalent Elisa Lemonnier;ILE-DE-FRANCE;CAP;27;47;32
0750677D;Lycée polyvalent Elisa Lemonnier;ILE-DE-FRANCE;MC5;36;27;55
0750680G;Lycée général et technologique Arago;ILE-DE-FRANCE;BTS;17;41;41
0750681H;Lycée Polyvalent Boulle - Lycée des métiers d'art, d'architecture intérieure et du design;ILE-DE-FRANCE;BTS;35;73;
0750681H;Lycée Polyvalent Boulle - Lycée des métiers d'art, d'architecture intérieure et du design;ILE-DE-FRANCE;CAP;28;65;67
0750685M;Lycée général et technologique Pierre-Gilles de Gennes;ILE-DE-FRANCE;BTS;10;54;38
0750686N;Ecole Estienne Ecole supérieure des Arts et Industries Graphiques;ILE-DE-FRANCE;BTS;21;59;36
0750688R;Lycée général et technologique Rabelais;ILE-DE-FRANCE;BTS;26;33;50
0750690T;Lycée général et technologique François Villon;ILE-DE-FRANCE;BTS;40;33;52
0750691U;Lycée polyvalent Raspail - Lycée des métiers des énergies et de l'environnement;ILE-DE-FRANCE;BAC;47;63;51
0750691U;Lycée polyvalent Raspail - Lycée des métiers des énergies et de l'environnement;ILE-DE-FRANCE;BTS;53;43;59
0750691U;Lycée polyvalent Raspail - Lycée des métiers des énergies et de l'environnement;ILE-DE-FRANCE;MC4;34;26;54
0750692V;Lycée général et technologique Emile Dubois;ILE-DE-FRANCE;BTS;63;49;56
0750695Y;Lycée polyvalent Fresnel - Lycée des métiers de l'optique;ILE-DE-FRANCE;BAC;20;75;
0750695Y;Lycée polyvalent Fresnel - Lycée des métiers de l'optique;ILE-DE-FRANCE;BTS;30;34;78
0750696Z;Lycée général et technologique Roger Verlomme;ILE-DE-FRANCE;BTS;27;48;53
0750697A;Lycée Technologique Bâtiment-Saint Lambert;ILE-DE-FRANCE;BTS;22;41;61
0750705J;Lycée général et technologique Honoré de Balzac;ILE-DE-FRANCE;BTS;36;47;48
0750707L;Lycée technologique Ecole Nationale de Commerce;ILE-DE-FRANCE;BTS;28;48;54
0750708M;Lycée Polyvalent Jean Drouant - Lycée des métiers de l'hôtellerie et de la restauration;ILE-DE-FRANCE;BAC;22;64;29
0750708M;Lycée Polyvalent Jean Drouant - Lycée des métiers de l'hôtellerie et de la restauration;ILE-DE-FRANCE;BTS;47;59;50
0750708M;Lycée Polyvalent Jean Drouant - Lycée des métiers de l'hôtellerie et de la restauration;ILE-DE-FRANCE;MC4;17;;
0750708M;Lycée Polyvalent Jean Drouant - Lycée des métiers de l'hôtellerie et de la restauration;ILE-DE-FRANCE;MC5;;10;
0750710P;Lycée technologique Auguste Renoir - Lycée des métiers de la photographie et de l'image;ILE-DE-FRANCE;BTS;35;41;
0750711R;Lycée général et technologique Henri Bergson;ILE-DE-FRANCE;BTS;;36;49
0750712S;Lycée polyvalent Diderot;ILE-DE-FRANCE;BAC;40;58;30
0750712S;Lycée polyvalent Diderot;ILE-DE-FRANCE;BTS;23;54;43
0750712S;Lycée polyvalent Diderot;ILE-DE-FRANCE;CAP;29;80;
0750715V;Lycée général et technologique Maurice Ravel;ILE-DE-FRANCE;BTS;27;47;51
0750770E;Lycée professionnel Abbé Grégoire;ILE-DE-FRANCE;BAC;26;50;28
0750770E;Lycée professionnel Abbé Grégoire;ILE-DE-FRANCE;MC4;30;21;19
0750775K;Lycée professionnel Gustave Ferrié;ILE-DE-FRANCE;BAC;48;58;27
0750776L;Lycée professionnel Marie Laurencin - Lycée des métiers de la mode;ILE-DE-FRANCE;BAC;29;65;32
0750776L;Lycée professionnel Marie Laurencin - Lycée des métiers de la mode;ILE-DE-FRANCE;CAP;29;62;26
0750776L;Lycée professionnel Marie Laurencin - Lycée des métiers de la mode;ILE-DE-FRANCE;MC5;28;;
0750778N;Lycée Professionnel Turquetil - Lycée des métiers de la mode;ILE-DE-FRANCE;BAC;;56;37
0750778N;Lycée Professionnel Turquetil - Lycée des métiers de la mode;ILE-DE-FRANCE;CAP;46;67;50
0750783U;Lycée professionnel Chennevière Malezieux;ILE-DE-FRANCE;BAC;26;72;47
0750783U;Lycée professionnel Chennevière Malezieux;ILE-DE-FRANCE;BTS;40;43;49
0750783U;Lycée professionnel Chennevière Malezieux;ILE-DE-FRANCE;CAP;68;81;
0750783U;Lycée professionnel Chennevière Malezieux;ILE-DE-FRANCE;MC4;;66;
0750784V;Lycée professionnel Métiers de l'Ameublement;ILE-DE-FRANCE;BAC;;59;
0750784V;Lycée professionnel Métiers de l'Ameublement;ILE-DE-FRANCE;CAP;;76;
0750785W;Lycée professionnel Galilée;ILE-DE-FRANCE;BAC;;64;31
0750785W;Lycée professionnel Galilée;ILE-DE-FRANCE;BTS;21;;
0750787Y;Lycée professionnel Corvisart-Arts Graphiques;ILE-DE-FRANCE;BAC;;70;19
0750787Y;Lycée professionnel Corvisart-Arts Graphiques;ILE-DE-FRANCE;CAP;10;80;
0750787Y;Lycée professionnel Corvisart-Arts Graphiques;ILE-DE-FRANCE;MC5;24;;
0750788Z;Lycée professionnel Marcel Deprez - Lycée des métiers de l'électrotechnique;ILE-DE-FRANCE;BAC;;67;35
0750788Z;Lycée professionnel Marcel Deprez - Lycée des métiers de l'électrotechnique;ILE-DE-FRANCE;CAP;28;71;20
0750788Z;Lycée professionnel Marcel Deprez - Lycée des métiers de l'électrotechnique;ILE-DE-FRANCE;MC4;40;51;
0750793E;Lycée Professionnel Beaugrenelle - Lycée des métiers de la communication et de la gestion d'entreprise;ILE-DE-FRANCE;BAC;36;58;23
0750793E;Lycée Professionnel Beaugrenelle - Lycée des métiers de la communication et de la gestion d'entreprise;ILE-DE-FRANCE;BTS;24;0;75
0750794F;Lycée professionnel Brassai - Lycée des métiers de la photographie et de l'image;ILE-DE-FRANCE;BAC;;56;
0750796H;Lycée Professionnel Octave Feuilet - Lycée des métiers de la mode;ILE-DE-FRANCE;BAC;;76;
0750796H;Lycée Professionnel Octave Feuilet - Lycée des métiers de la mode;ILE-DE-FRANCE;CAP;23;56;41
0750800M;Lycée professionnel Edmond Rostand;ILE-DE-FRANCE;BAC;;;
0750800M;Lycée professionnel Edmond Rostand;ILE-DE-FRANCE;CAP;;50;20
0750802P;Lycée professionnel Hector Guimard - Lycée des métiers du batiment, de l'artisanat et du patrimoine bâti;ILE-DE-FRANCE;BAC;23;66;32
0750802P;Lycée professionnel Hector Guimard - Lycée des métiers du batiment, de l'artisanat et du patrimoine bâti;ILE-DE-FRANCE;CAP;57;70;50
0750802P;Lycée professionnel Hector Guimard - Lycée des métiers du batiment, de l'artisanat et du patrimoine bâti;ILE-DE-FRANCE;MC5;30;50;
0750808W;Lycée professionnel Etienne Dolet;ILE-DE-FRANCE;BAC;20;65;52
0750808W;Lycée professionnel Etienne Dolet;ILE-DE-FRANCE;CAP;20;81;
0750808W;Lycée professionnel Etienne Dolet;ILE-DE-FRANCE;MC4;16;28;45
0750808W;Lycée professionnel Etienne Dolet;ILE-DE-FRANCE;MC5;37;52;
0750828T;Etablissement régional d'enseignement adapté Edith Piaf;ILE-DE-FRANCE;CAP;19;75;22
0751708Z;Lycée polyvalent Louis Armand;ILE-DE-FRANCE;BAC;28;51;19
0751708Z;Lycée polyvalent Louis Armand;ILE-DE-FRANCE;BTS;32;39;44
0751708Z;Lycée polyvalent Louis Armand;ILE-DE-FRANCE;CAP;36;92;
0751710B;Lycée Professionnel N.L Vauquelin - Lycée des métiers des procédés chimiques, des biotechnologies et de l'eau;ILE-DE-FRANCE;BAC;;65;24
0751710B;Lycée Professionnel N.L Vauquelin - Lycée des métiers des procédés chimiques, des biotechnologies et de l'eau;ILE-DE-FRANCE;BTS;64;20;47
0751710B;Lycée Professionnel N.L Vauquelin - Lycée des métiers des procédés chimiques, des biotechnologies et de l'eau;ILE-DE-FRANCE;CAP;41;100;
0751883P;Lycée technologique privé Institut clorivière;ILE-DE-FRANCE;BTS;24;38;44
0752109K;Lycée professionnel Suzanne Valadon;ILE-DE-FRANCE;BAC;15;50;26
0752388N;Lycée professionnel Pierre Lescot;ILE-DE-FRANCE;BAC;32;46;38
0752388N;Lycée professionnel Pierre Lescot;ILE-DE-FRANCE;CAP;29;48;
0752608C;Lycée professionnel Belliard - Lycée des métiers de l'hôtellerie et de la restauration;ILE-DE-FRANCE;BAC;10;48;54
0752608C;Lycée professionnel Belliard - Lycée des métiers de l'hôtellerie et de la restauration;ILE-DE-FRANCE;CAP;73;46;27
0752608C;Lycée professionnel Belliard - Lycée des métiers de l'hôtellerie et de la restauration;ILE-DE-FRANCE;MC5;45;18;64
0752700C;Lycée professionnel Armand Carrel;ILE-DE-FRANCE;BAC;;48;28
0752799K;Etablissement régional d'enseignement adapté Crocé Spinelli;ILE-DE-FRANCE;BAC;47;50;
0752799K;Etablissement régional d'enseignement adapté Crocé Spinelli;ILE-DE-FRANCE;CAP;31;68;17
0752845K;Lycée professionnel Théophile Gautier;ILE-DE-FRANCE;BAC;25;52;32
0752845K;Lycée professionnel Théophile Gautier;ILE-DE-FRANCE;CAP;20;54;
0752846L;Lycée Professionnel Erik Satie;ILE-DE-FRANCE;BAC;17;65;45
0752846L;Lycée Professionnel Erik Satie;ILE-DE-FRANCE;BTS;16;37;47
0752961L;Lycée professionnel Gustave Eiffel;ILE-DE-FRANCE;BAC;44;69;15
0752961L;Lycée professionnel Gustave Eiffel;ILE-DE-FRANCE;MC4;27;29;
0753217P;Lycée polyvalent privé Sainte Thérèse;ILE-DE-FRANCE;BAC;;30;39
0753217P;Lycée polyvalent privé Sainte Thérèse;ILE-DE-FRANCE;MC5;58;;
0753256G;Etablissement régional d'enseignement adapté Alexandre Dumas;ILE-DE-FRANCE;CAP;;47;41
0753268V;Lycée polyvalent Jean Lurçat;ILE-DE-FRANCE;BAC;19;51;42
0753268V;Lycée polyvalent Jean Lurçat;ILE-DE-FRANCE;BTS;37;53;55
0753350J;Lycée professionnel Maria Deraismes;ILE-DE-FRANCE;BAC;23;48;32
0753537M;Ecole Supérieure Technique de Biologie Appliquée;ILE-DE-FRANCE;BTS;49;39;35
0753838P;Lycée privé Saint Sulpice;ILE-DE-FRANCE;BTS;26;;
0753844W;Lycée général et technologique privé Sainte Geneviève;ILE-DE-FRANCE;BTS;;;
0753890W;Lycée général et technologique privé Charles Péguy;ILE-DE-FRANCE;BTS;;79;
0754015G;Lycée polyvalent privé Jules Richard Microtechniques;ILE-DE-FRANCE;BAC;10;80;
0754015G;Lycée polyvalent privé Jules Richard Microtechniques;ILE-DE-FRANCE;BTS;26;43;50
0754016H;Lycée polyvalent privé L'Initiative;ILE-DE-FRANCE;BAC;23;55;21
0754016H;Lycée polyvalent privé L'Initiative;ILE-DE-FRANCE;BTS;22;38;46
0754016H;Lycée polyvalent privé L'Initiative;ILE-DE-FRANCE;CAP;55;;
0754025T;Lycée polyvalent privé Saint-Nicolas;ILE-DE-FRANCE;BAC;;56;25
0754025T;Lycée polyvalent privé Saint-Nicolas;ILE-DE-FRANCE;BTS;23;50;54
0754025T;Lycée polyvalent privé Saint-Nicolas;ILE-DE-FRANCE;CAP;17;78;
0754029X;Lycée polyvalent privé Carcado Saisseval - Lycée des métiers du management du commerce, des services et soins à la personne;ILE-DE-FRANCE;BAC;17;67;28
0754029X;Lycée polyvalent privé Carcado Saisseval - Lycée des métiers du management du commerce, des services et soins à la personne;ILE-DE-FRANCE;BTS;17;52;44
0754029X;Lycée polyvalent privé Carcado Saisseval - Lycée des métiers du management du commerce, des services et soins à la personne;ILE-DE-FRANCE;CAP;25;60;
0754030Y;Lycée polyvalent privé Albert de Mun;ILE-DE-FRANCE;BAC;29;73;20
0754030Y;Lycée polyvalent privé Albert de Mun;ILE-DE-FRANCE;BTS;39;44;55
0754030Y;Lycée polyvalent privé Albert de Mun;ILE-DE-FRANCE;CAP;25;79;
0754030Y;Lycée polyvalent privé Albert de Mun;ILE-DE-FRANCE;MC5;;21;50
0754037F;Lycée technologique privé Fenelon Sup La Plaine Monceau;ILE-DE-FRANCE;BTS;6;74;61
0754042L;Lycée polyvalent privé Le Rebours - Lycée des métiers du management et des services;ILE-DE-FRANCE;BAC;23;50;42
0754042L;Lycée polyvalent privé Le Rebours - Lycée des métiers du management et des services;ILE-DE-FRANCE;BTS;20;52;44
0754045P;Lycée polyvalent privé Catherine Labouré;ILE-DE-FRANCE;BAC;15;64;31
0754045P;Lycée polyvalent privé Catherine Labouré;ILE-DE-FRANCE;CAP;9;81;
0754086J;Lycée général et technologique privé Charles de Foucauld;ILE-DE-FRANCE;BTS;7;57;48
0754239A;Lycée polyvalent privé Saint Jean de Montmartre - Lycée des métiers privé de la vente et du commerce;ILE-DE-FRANCE;BAC;30;56;32
0754239A;Lycée polyvalent privé Saint Jean de Montmartre - Lycée des métiers privé de la vente et du commerce;ILE-DE-FRANCE;CAP;26;77;
0754475G;Lycée polyvalent Léonard de Vinci - Lycée des métiers du bois;ILE-DE-FRANCE;BAC;19;58;21
0754475G;Lycée polyvalent Léonard de Vinci - Lycée des métiers du bois;ILE-DE-FRANCE;BP;28;26;70
0754475G;Lycée polyvalent Léonard de Vinci - Lycée des métiers du bois;ILE-DE-FRANCE;BTS;40;21;56
0754475G;Lycée polyvalent Léonard de Vinci - Lycée des métiers du bois;ILE-DE-FRANCE;CAP;43;42;29
0754476H;Lycée polyvalent Guillaume Tirel - Lycée des métiers de l' hotellerie;ILE-DE-FRANCE;BAC;38;60;46
0754476H;Lycée polyvalent Guillaume Tirel - Lycée des métiers de l' hotellerie;ILE-DE-FRANCE;BTS;41;47;58
0754476H;Lycée polyvalent Guillaume Tirel - Lycée des métiers de l' hotellerie;ILE-DE-FRANCE;CAP;13;53;24
0754476H;Lycée polyvalent Guillaume Tirel - Lycée des métiers de l' hotellerie;ILE-DE-FRANCE;MC4;16;61;
0754476H;Lycée polyvalent Guillaume Tirel - Lycée des métiers de l' hotellerie;ILE-DE-FRANCE;MC5;25;;
0754530S;Lycée polyvalent Martin Nadaud;ILE-DE-FRANCE;BAC;;60;35
0754530S;Lycée polyvalent Martin Nadaud;ILE-DE-FRANCE;BTS;59;17;48
0754666P;Lycée général et technologique privé Passy-Saint Honoré;ILE-DE-FRANCE;BTS;39;47;45
0754924V;Lycée Polyvalent Privé Notre-Dame - Saint Vincent de Paul - Lycée des Métiers de la Santé et du social;ILE-DE-FRANCE;BAC;25;55;32
0754924V;Lycée Polyvalent Privé Notre-Dame - Saint Vincent de Paul - Lycée des Métiers de la Santé et du social;ILE-DE-FRANCE;BTS;57;36;40
0754924V;Lycée Polyvalent Privé Notre-Dame - Saint Vincent de Paul - Lycée des Métiers de la Santé et du social;ILE-DE-FRANCE;CAP;33;74;
0754924V;Lycée Polyvalent Privé Notre-Dame - Saint Vincent de Paul - Lycée des Métiers de la Santé et du social;ILE-DE-FRANCE;MC5;32;44;
0770342D;Lycée d'enseignement adapté de Chamigny Garçon;ILE-DE-FRANCE;CAP;15;59;5
0770918E;Lycée polyvalent Uruguay France - Lycée des métiers du social et de la santé;ILE-DE-FRANCE;BAC;25;63;36
0770918E;Lycée polyvalent Uruguay France - Lycée des métiers du social et de la santé;ILE-DE-FRANCE;BTS;27;46;51
0770918E;Lycée polyvalent Uruguay France - Lycée des métiers du social et de la santé;ILE-DE-FRANCE;CAP;24;45;23
0770918E;Lycée polyvalent Uruguay France - Lycée des métiers du social et de la santé;ILE-DE-FRANCE;MC4;32;;
0770918E;Lycée polyvalent Uruguay France - Lycée des métiers du social et de la santé;ILE-DE-FRANCE;MC5;;23;
0770920G;Lycée polyvalent La Fayette - Lycée des métiers de l'énergie, du numérique et des industries de production - Lycée des métiers du commerce;ILE-DE-FRANCE;BAC;36;66;41
0770920G;Lycée polyvalent La Fayette - Lycée des métiers de l'énergie, du numérique et des industries de production - Lycée des métiers du commerce;ILE-DE-FRANCE;BTS;29;35;43
0770920G;Lycée polyvalent La Fayette - Lycée des métiers de l'énergie, du numérique et des industries de production - Lycée des métiers du commerce;ILE-DE-FRANCE;CAP;37;55;10
0770922J;Lycée général et technologique Gaston Bachelard;ILE-DE-FRANCE;BTS;39;33;58
0770924L;Lycée polyvalent de Coulommiers;ILE-DE-FRANCE;BAC;45;38;46
0770924L;Lycée polyvalent de Coulommiers;ILE-DE-FRANCE;BTS;32;40;61
0770924L;Lycée polyvalent de Coulommiers;ILE-DE-FRANCE;CAP;51;35;42
0770926N;Lycée général et technologique François Couperin;ILE-DE-FRANCE;BTS;40;46;51
0770930T;Lycée général et technologique Henri Moissan;ILE-DE-FRANCE;BTS;26;52;
0770931U;Lycée polyvalent Pierre de Coubertin;ILE-DE-FRANCE;BAC;;61;40
0770931U;Lycée polyvalent Pierre de Coubertin;ILE-DE-FRANCE;BTS;35;36;46
0770931U;Lycée polyvalent Pierre de Coubertin;ILE-DE-FRANCE;CAP;38;53;
0770932V;Lycée professionnel Pierre de Coubertin;ILE-DE-FRANCE;BAC;30;51;35
0770932V;Lycée professionnel Pierre de Coubertin;ILE-DE-FRANCE;CAP;31;40;
0770934X;Lycée polyvalent Léonard de Vinci - Lycée des métiers comptabilité et l'informatique - Lycée des métiers ingénierie mécanique et électrotechnique;ILE-DE-FRANCE;BAC;26;57;33
0770934X;Lycée polyvalent Léonard de Vinci - Lycée des métiers comptabilité et l'informatique - Lycée des métiers ingénierie mécanique et électrotechnique;ILE-DE-FRANCE;BTS;36;35;49
0770934X;Lycée polyvalent Léonard de Vinci - Lycée des métiers comptabilité et l'informatique - Lycée des métiers ingénierie mécanique et électrotechnique;ILE-DE-FRANCE;MC4;38;;
0770938B;Lycée polyvalent André Malraux - Lycée des métiers des industries et du design graphique;ILE-DE-FRANCE;BAC;;52;23
0770938B;Lycée polyvalent André Malraux - Lycée des métiers des industries et du design graphique;ILE-DE-FRANCE;BTS;32;41;50
0770940D;Lycée polyvalent Etienne Bezout;ILE-DE-FRANCE;BAC;27;57;34
0770940D;Lycée polyvalent Etienne Bezout;ILE-DE-FRANCE;BTS;38;32;72
0770940D;Lycée polyvalent Etienne Bezout;ILE-DE-FRANCE;CAP;26;44;28
0770942F;Lycée polyvalent Thibaut de Champagne;ILE-DE-FRANCE;BAC;38;60;25
0770942F;Lycée polyvalent Thibaut de Champagne;ILE-DE-FRANCE;BTS;39;35;42
0770942F;Lycée polyvalent Thibaut de Champagne;ILE-DE-FRANCE;CAP;54;35;
0770943G;Lycée professionnel Benjamin Franklin - Lycée des métiers du bâtiment;ILE-DE-FRANCE;BAC;;59;36
0770943G;Lycée professionnel Benjamin Franklin - Lycée des métiers du bâtiment;ILE-DE-FRANCE;BTS;54;;
0770943G;Lycée professionnel Benjamin Franklin - Lycée des métiers du bâtiment;ILE-DE-FRANCE;CAP;46;46;29
0770944H;Lycée professionnel Auguste Perdonnet;ILE-DE-FRANCE;BAC;39;50;31
0770944H;Lycée professionnel Auguste Perdonnet;ILE-DE-FRANCE;CAP;30;37;15
0770945J;Lycée professionnel Gustave Eiffel - Lycée des métiers des structures métalliques et de la chaudronerie - Lycée des métiers de l'électrotechnique;ILE-DE-FRANCE;BAC;40;64;32
0770945J;Lycée professionnel Gustave Eiffel - Lycée des métiers des structures métalliques et de la chaudronerie - Lycée des métiers de l'électrotechnique;ILE-DE-FRANCE;BTS;30;22;
0770945J;Lycée professionnel Gustave Eiffel - Lycée des métiers des structures métalliques et de la chaudronerie - Lycée des métiers de l'électrotechnique;ILE-DE-FRANCE;CAP;13;;
0770945J;Lycée professionnel Gustave Eiffel - Lycée des métiers des structures métalliques et de la chaudronerie - Lycée des métiers de l'électrotechnique;ILE-DE-FRANCE;MC4;;42;
0771027Y;Lycée polyvalent Frédéric Joliot Curie - Lycée des métiers de la gestion des entreprises dans le cadre européen;ILE-DE-FRANCE;BAC;21;52;34
0771027Y;Lycée polyvalent Frédéric Joliot Curie - Lycée des métiers de la gestion des entreprises dans le cadre européen;ILE-DE-FRANCE;BTS;25;38;42
0771027Y;Lycée polyvalent Frédéric Joliot Curie - Lycée des métiers de la gestion des entreprises dans le cadre européen;ILE-DE-FRANCE;CAP;42;77;
0771171E;Lycée professionnel Louis Lumière - Lycée des métiers de l'électricité - Lycée des métiers du commerce;ILE-DE-FRANCE;BAC;35;56;33
0771171E;Lycée professionnel Louis Lumière - Lycée des métiers de l'électricité - Lycée des métiers du commerce;ILE-DE-FRANCE;BTS;31;39;61
0771171E;Lycée professionnel Louis Lumière - Lycée des métiers de l'électricité - Lycée des métiers du commerce;ILE-DE-FRANCE;CAP;22;55;12
0771200L;Lycée général et technologique privé Blanche de Castille;ILE-DE-FRANCE;BAC;31;54;26
0771200L;Lycée général et technologique privé Blanche de Castille;ILE-DE-FRANCE;BTS;36;26;45
0771238C;Ecole générale et technologique privée Saint Aspais;ILE-DE-FRANCE;BAC;29;70;39
0771238C;Ecole générale et technologique privée Saint Aspais;ILE-DE-FRANCE;BTS;32;65;35
0771336J;Lycée polyvalent les Pannevelles - Lycée des métiers du bâtiment et des travaux publics;ILE-DE-FRANCE;BAC;25;58;44
0771336J;Lycée polyvalent les Pannevelles - Lycée des métiers du bâtiment et des travaux publics;ILE-DE-FRANCE;BTS;57;52;51
0771336J;Lycée polyvalent les Pannevelles - Lycée des métiers du bâtiment et des travaux publics;ILE-DE-FRANCE;CAP;20;45;32
0771512A;Lycée général et technologique Van Dongen;ILE-DE-FRANCE;BTS;24;37;57
0771658J;Lycée polyvalent du Gué à Tresmes - Lycée des métiers de l'hôtellerie et restauration   des arts et design   de l'aménagement et finition du bâtiment;ILE-DE-FRANCE;BAC;44;35;46
0771658J;Lycée polyvalent du Gué à Tresmes - Lycée des métiers de l'hôtellerie et restauration   des arts et design   de l'aménagement et finition du bâtiment;ILE-DE-FRANCE;BTS;70;19;51
0771658J;Lycée polyvalent du Gué à Tresmes - Lycée des métiers de l'hôtellerie et restauration   des arts et design   de l'aménagement et finition du bâtiment;ILE-DE-FRANCE;CAP;28;57;27
0771663P;Lycée général et technologique George Sand;ILE-DE-FRANCE;BTS;29;24;54
0771763Y;Lycée général et technologique Charles Le Chauve;ILE-DE-FRANCE;BTS;27;57;55
0771880A;Lycée professionnel Charles Baudelaire;ILE-DE-FRANCE;BAC;25;47;32
0771880A;Lycée professionnel Charles Baudelaire;ILE-DE-FRANCE;CAP;32;30;
0771940R;Lycée polyvalent Simone Veil;ILE-DE-FRANCE;BAC;19;58;33
0771940R;Lycée polyvalent Simone Veil;ILE-DE-FRANCE;BTS;25;36;47
0771941S;Lycée polyvalent René Cassin;ILE-DE-FRANCE;BAC;35;70;19
0771941S;Lycée polyvalent René Cassin;ILE-DE-FRANCE;BTS;20;32;54
0771995A;Lycée professionnel le Champ de Claye - Lycée des métiers de l'énergie;ILE-DE-FRANCE;BAC;46;47;37
0771995A;Lycée professionnel le Champ de Claye - Lycée des métiers de l'énergie;ILE-DE-FRANCE;CAP;41;49;17
0771996B;Lycée général et technologique Honoré de Balzac;ILE-DE-FRANCE;BTS;45;38;42
0771997C;Lycée professionnel Jacques Prévert - Lycée des métiers des systèmes électroniques numériques et de l'électrotechnique;ILE-DE-FRANCE;BAC;42;52;38
0771997C;Lycée professionnel Jacques Prévert - Lycée des métiers des systèmes électroniques numériques et de l'électrotechnique;ILE-DE-FRANCE;BTS;38;38;
0771997C;Lycée professionnel Jacques Prévert - Lycée des métiers des systèmes électroniques numériques et de l'électrotechnique;ILE-DE-FRANCE;CAP;39;54;
0772120L;Lycée général et technologique Jean Moulin;ILE-DE-FRANCE;BAC;46;65;24
0772120L;Lycée général et technologique Jean Moulin;ILE-DE-FRANCE;BTS;16;35;45
0772127U;Lycée général et technologique Galilée;ILE-DE-FRANCE;BTS;40;57;52
0772151V;Lycée professionnel privé Les Sinoplies;ILE-DE-FRANCE;BAC;26;59;
0772151V;Lycée professionnel privé Les Sinoplies;ILE-DE-FRANCE;CAP;15;;
0772153X;Lycée polyvalent privé Jean Rose;ILE-DE-FRANCE;BAC;;62;49
0772153X;Lycée polyvalent privé Jean Rose;ILE-DE-FRANCE;BTS;26;55;64
0772188K;Lycée général et technologique Pierre Mendès France;ILE-DE-FRANCE;BTS;27;42;52
0772223Y;Lycée polyvalent René Descartes;ILE-DE-FRANCE;BAC;39;48;23
0772223Y;Lycée polyvalent René Descartes;ILE-DE-FRANCE;BTS;42;41;31
0772225A;Lycée professionnel Lino Ventura - Lycée des métiers de la santé et de l'aide à la personne;ILE-DE-FRANCE;BAC;27;63;32
0772225A;Lycée professionnel Lino Ventura - Lycée des métiers de la santé et de l'aide à la personne;ILE-DE-FRANCE;BTS;20;51;
0772225A;Lycée professionnel Lino Ventura - Lycée des métiers de la santé et de l'aide à la personne;ILE-DE-FRANCE;CAP;26;50;
0772225A;Lycée professionnel Lino Ventura - Lycée des métiers de la santé et de l'aide à la personne;ILE-DE-FRANCE;MC5;34;10;
0772228D;Lycée polyvalent Charles de Gaulle - Lycée des métiers de la santé et du travail social;ILE-DE-FRANCE;BAC;25;46;33
0772228D;Lycée polyvalent Charles de Gaulle - Lycée des métiers de la santé et du travail social;ILE-DE-FRANCE;BTS;25;30;50
0772229E;Lycée général et technologique Jean Vilar;ILE-DE-FRANCE;BTS;35;43;50
0772230F;Lycée polyvalent Blaise Pascal;ILE-DE-FRANCE;BAC;24;51;42
0772230F;Lycée polyvalent Blaise Pascal;ILE-DE-FRANCE;BTS;30;52;53
0772243V;Lycée général et technologique Camille Claudel;ILE-DE-FRANCE;BTS;15;69;
0772244W;Lycée polyvalent Antonin Carême - Lycée des métiers de l'hôtellerie et de la restauration;ILE-DE-FRANCE;BAC;36;51;42
0772244W;Lycée polyvalent Antonin Carême - Lycée des métiers de l'hôtellerie et de la restauration;ILE-DE-FRANCE;CAP;51;44;17
0772244W;Lycée polyvalent Antonin Carême - Lycée des métiers de l'hôtellerie et de la restauration;ILE-DE-FRANCE;MC5;37;15;
0772275E;Lycée polyvalent privé Maurice Rondeau - Lycée des métiers de l'électronique et de la maintenance;ILE-DE-FRANCE;BAC;30;58;41
0772275E;Lycée polyvalent privé Maurice Rondeau - Lycée des métiers de l'électronique et de la maintenance;ILE-DE-FRANCE;CAP;15;85;
0772276F;Lycée polyvalent Jehan de Chelles - Lycée des métiers de la santé et du social;ILE-DE-FRANCE;BAC;;43;26
0772276F;Lycée polyvalent Jehan de Chelles - Lycée des métiers de la santé et du social;ILE-DE-FRANCE;BTS;16;49;62
0772277G;Lycée polyvalent Henri Becquerel;ILE-DE-FRANCE;BAC;48;34;32
0772292Y;Lycée polyvalent Martin Luther King;ILE-DE-FRANCE;BTS;29;51;50
0772295B;Lycée polyvalent la Tour des Dames;ILE-DE-FRANCE;BAC;26;49;26
0772296C;Lycée polyvalent de la Mare Carrée;ILE-DE-FRANCE;BAC;42;67;39
0772296C;Lycée polyvalent de la Mare Carrée;ILE-DE-FRANCE;BTS;20;65;
0772310T;Lycée polyvalent Simone Signoret;ILE-DE-FRANCE;BAC;56;59;43
0772310T;Lycée polyvalent Simone Signoret;ILE-DE-FRANCE;BTS;20;36;
0772310T;Lycée polyvalent Simone Signoret;ILE-DE-FRANCE;CAP;44;41;12
0772312V;Lycée polyvalent Flora Tristan - Lycée des métiers de l'administration des PME-PMI - Lycée des métiers de la mode;ILE-DE-FRANCE;BAC;7;53;26
0772312V;Lycée polyvalent Flora Tristan - Lycée des métiers de l'administration des PME-PMI - Lycée des métiers de la mode;ILE-DE-FRANCE;BTS;29;17;49
0772312V;Lycée polyvalent Flora Tristan - Lycée des métiers de l'administration des PME-PMI - Lycée des métiers de la mode;ILE-DE-FRANCE;CAP;43;63;16
0772332S;Lycée polyvalent Sonia Delaunay;ILE-DE-FRANCE;BAC;32;61;31
0772342C;Lycée polyvalent Clément Ader;ILE-DE-FRANCE;BAC;21;51;28
0772342C;Lycée polyvalent Clément Ader;ILE-DE-FRANCE;BTS;38;;
0772342C;Lycée polyvalent Clément Ader;ILE-DE-FRANCE;CAP;;45;12
0772688D;Lycée polyvalent Emilie du Châtelet - Lycée des métiers de l'hôtellerie et de la restauration;ILE-DE-FRANCE;BAC;38;52;45
0772688D;Lycée polyvalent Emilie du Châtelet - Lycée des métiers de l'hôtellerie et de la restauration;ILE-DE-FRANCE;BTS;66;32;62
0772688D;Lycée polyvalent Emilie du Châtelet - Lycée des métiers de l'hôtellerie et de la restauration;ILE-DE-FRANCE;CAP;38;29;17
0772751X;Lycée polyvalent Charlotte Delbo;ILE-DE-FRANCE;BAC;31;24;65
0780273Y;Lycée professionnel  Louis Blériot, lycée des métiers des services aux entreprises, aux collectivités et aux personnes;ILE-DE-FRANCE;BAC;76;56;43
0780273Y;Lycée professionnel  Louis Blériot, lycée des métiers des services aux entreprises, aux collectivités et aux personnes;ILE-DE-FRANCE;CAP;30;54;31
0780273Y;Lycée professionnel  Louis Blériot, lycée des métiers des services aux entreprises, aux collectivités et aux personnes;ILE-DE-FRANCE;MC5;46;;
0780422K;Lycée général et technologique François Villon;ILE-DE-FRANCE;BTS;;32;46
0780515L;Lycée général et technologique Les Sept Mares;ILE-DE-FRANCE;BTS;25;47;55
0780582J;Lycée général et technologique Jean Vilar;ILE-DE-FRANCE;BTS;18;53;52
0780584L;Lycée professionnel Henri Matisse, lycée des métiers de la petite enfance et des soins à la personne, et du commerce;ILE-DE-FRANCE;BAC;30;58;39
0780584L;Lycée professionnel Henri Matisse, lycée des métiers de la petite enfance et des soins à la personne, et du commerce;ILE-DE-FRANCE;BTS;24;54;
0780584L;Lycée professionnel Henri Matisse, lycée des métiers de la petite enfance et des soins à la personne, et du commerce;ILE-DE-FRANCE;CAP;32;56;
0781297L;Lycée général et technologique Plaine de Neauphle;ILE-DE-FRANCE;BTS;42;45;60
0781512V;Lycée général et technologique Descartes;ILE-DE-FRANCE;BTS;29;42;46
0781578S;Lycée polyvalent Hôtellerie et Tourisme, lycée des  métiers des services hôteliers et du tourisme;ILE-DE-FRANCE;BAC;23;64;49
0781578S;Lycée polyvalent Hôtellerie et Tourisme, lycée des  métiers des services hôteliers et du tourisme;ILE-DE-FRANCE;BP;52;;
0781578S;Lycée polyvalent Hôtellerie et Tourisme, lycée des  métiers des services hôteliers et du tourisme;ILE-DE-FRANCE;BTS;;42;52
0781578S;Lycée polyvalent Hôtellerie et Tourisme, lycée des  métiers des services hôteliers et du tourisme;ILE-DE-FRANCE;CAP;27;49;52
0781578S;Lycée polyvalent Hôtellerie et Tourisme, lycée des  métiers des services hôteliers et du tourisme;ILE-DE-FRANCE;MC4;39;38;
0781578S;Lycée polyvalent Hôtellerie et Tourisme, lycée des  métiers des services hôteliers et du tourisme;ILE-DE-FRANCE;MC5;;28;73
0781581V;Lycée professionnel privé Saint Thomas;ILE-DE-FRANCE;BAC;38;69;17
0781582W;Lycée professionnel privé Notre-Dame du Grandchamp;ILE-DE-FRANCE;BAC;18;71;20
0781582W;Lycée professionnel privé Notre-Dame du Grandchamp;ILE-DE-FRANCE;CAP;26;;
0781819D;Lycée polyvalent Emilie de Breteuil;ILE-DE-FRANCE;BAC;;62;
0781839A;Lycée polyvalent Jean Monnet, lycée des métiers de la vente et de la gestion;ILE-DE-FRANCE;BAC;18;67;35
0781839A;Lycée polyvalent Jean Monnet, lycée des métiers de la vente et de la gestion;ILE-DE-FRANCE;BTS;20;36;53
0781845G;Lycée général et technologique Jules Ferry;ILE-DE-FRANCE;BTS;28;54;27
0781856U;Lycée professionnel privé Saint Erembert;ILE-DE-FRANCE;BAC;31;63;14
0781859X;Lycée polyvalent Vincent Van Gogh;ILE-DE-FRANCE;BAC;4;39;24
0781859X;Lycée polyvalent Vincent Van Gogh;ILE-DE-FRANCE;BTS;;;
0781883Y;Lycée polyvalent Dumont d'Urville;ILE-DE-FRANCE;BAC;;63;29
0781883Y;Lycée polyvalent Dumont d'Urville;ILE-DE-FRANCE;BTS;27;33;50
0781883Y;Lycée polyvalent Dumont d'Urville;ILE-DE-FRANCE;MC4;22;17;
0781884Z;Lycée polyvalent Condorcet;ILE-DE-FRANCE;BAC;17;56;32
0781884Z;Lycée polyvalent Condorcet;ILE-DE-FRANCE;CAP;25;78;
0781898P;Lycée général et technologique Charles de Gaulle;ILE-DE-FRANCE;BTS;28;46;36
0781948U;Lycée polyvalent Antoine Lavoisier;ILE-DE-FRANCE;BAC;29;60;39
0781948U;Lycée polyvalent Antoine Lavoisier;ILE-DE-FRANCE;BTS;52;50;
0781948U;Lycée polyvalent Antoine Lavoisier;ILE-DE-FRANCE;CAP;21;63;24
0781948U;Lycée polyvalent Antoine Lavoisier;ILE-DE-FRANCE;MC4;38;;
0781949V;Lycée général et technologique de Villaroy;ILE-DE-FRANCE;BTS;;;
0781950W;Lycée polyvalent Louise Weiss;ILE-DE-FRANCE;BAC;;66;41
0781951X;Lycée polyvalent Sedar Senghor;ILE-DE-FRANCE;BAC;17;49;48
0781951X;Lycée polyvalent Sedar Senghor;ILE-DE-FRANCE;CAP;29;71;
0781951X;Lycée polyvalent Sedar Senghor;ILE-DE-FRANCE;MC5;37;;
0781983G;Lycée professionnel Adrienne Bolland, lycée des métiers des arts du bois, des services et de la mode;ILE-DE-FRANCE;BAC;;47;34
0781983G;Lycée professionnel Adrienne Bolland, lycée des métiers des arts du bois, des services et de la mode;ILE-DE-FRANCE;CAP;33;64;28
0781984H;Lycée polyvalent Vaucanson, lycée des métiers du génie électronique, du commerce et de l'aide à la personne;ILE-DE-FRANCE;BAC;29;55;23
0781984H;Lycée polyvalent Vaucanson, lycée des métiers du génie électronique, du commerce et de l'aide à la personne;ILE-DE-FRANCE;BTS;19;32;44
0781984H;Lycée polyvalent Vaucanson, lycée des métiers du génie électronique, du commerce et de l'aide à la personne;ILE-DE-FRANCE;CAP;44;46;27
0782100J;Lycée professionnel privé Les Châtaigniers;ILE-DE-FRANCE;BAC;38;66;28
0782100J;Lycée professionnel privé Les Châtaigniers;ILE-DE-FRANCE;CAP;13;77;
0782539L;Lycée général et technologique Saint-Exupéry;ILE-DE-FRANCE;BTS;11;32;44
0782540M;Lycée polyvalent Jean Rostand;ILE-DE-FRANCE;BAC;42;51;30
0782540M;Lycée polyvalent Jean Rostand;ILE-DE-FRANCE;BTS;36;30;58
0782540M;Lycée polyvalent Jean Rostand;ILE-DE-FRANCE;CAP;32;47;20
0782546U;Lycée général et technologique Le Corbusier;ILE-DE-FRANCE;BTS;36;42;62
0782549X;Lycée polyvalent Louis Bascan;ILE-DE-FRANCE;BAC;22;69;40
0782549X;Lycée polyvalent Louis Bascan;ILE-DE-FRANCE;BTS;35;42;56
0782549X;Lycée polyvalent Louis Bascan;ILE-DE-FRANCE;CAP;38;48;42
0782556E;Lycée polyvalent Léonard de Vinci, lycée des métiers de l'électrotechnique et des automatismes;ILE-DE-FRANCE;BAC;29;60;33
0782556E;Lycée polyvalent Léonard de Vinci, lycée des métiers de l'électrotechnique et des automatismes;ILE-DE-FRANCE;BTS;18;44;44
0782556E;Lycée polyvalent Léonard de Vinci, lycée des métiers de l'électrotechnique et des automatismes;ILE-DE-FRANCE;CAP;30;42;
0782557F;Lycée polyvalent Jean-Baptiste Poquelin, lycée des métiers du management et de la gestion;ILE-DE-FRANCE;BAC;32;67;24
0782557F;Lycée polyvalent Jean-Baptiste Poquelin, lycée des métiers du management et de la gestion;ILE-DE-FRANCE;BTS;14;49;61
0782565P;Lycée polyvalent Jules Ferry;ILE-DE-FRANCE;BAC;25;64;24
0782565P;Lycée polyvalent Jules Ferry;ILE-DE-FRANCE;BTS;38;44;52
0782567S;Lycée général et technologique Marie Curie;ILE-DE-FRANCE;BTS;25;46;59
0782587N;Lycée polyvalent Viollet-Le-Duc, lycée des métiers de l'habitat et du développement durable;ILE-DE-FRANCE;BAC;23;59;48
0782587N;Lycée polyvalent Viollet-Le-Duc, lycée des métiers de l'habitat et du développement durable;ILE-DE-FRANCE;BTS;35;41;57
0782587N;Lycée polyvalent Viollet-Le-Duc, lycée des métiers de l'habitat et du développement durable;ILE-DE-FRANCE;CAP;37;51;21
0782593V;Lycée professionnel Jean Perrin;ILE-DE-FRANCE;BAC;37;60;32
0782593V;Lycée professionnel Jean Perrin;ILE-DE-FRANCE;CAP;35;69;
0782593V;Lycée professionnel Jean Perrin;ILE-DE-FRANCE;MC4;12;;
0782602E;Lycée professionnel Jean Moulin, lycée des métiers de l'électro-énergétique;ILE-DE-FRANCE;BAC;;59;37
0782602E;Lycée professionnel Jean Moulin, lycée des métiers de l'électro-énergétique;ILE-DE-FRANCE;BTS;28;21;50
0782602E;Lycée professionnel Jean Moulin, lycée des métiers de l'électro-énergétique;ILE-DE-FRANCE;CAP;19;70;
0782602E;Lycée professionnel Jean Moulin, lycée des métiers de l'électro-énergétique;ILE-DE-FRANCE;MC5;35;21;
0782603F;Lycée professionnel Jacques Prévert;ILE-DE-FRANCE;BAC;;62;41
0782603F;Lycée professionnel Jacques Prévert;ILE-DE-FRANCE;BTS;29;;
0782603F;Lycée professionnel Jacques Prévert;ILE-DE-FRANCE;CAP;;69;
0782822U;Lycée polyvalent Pierre Corneille, lycée des métiers de la vente et  des services aux entreprises;ILE-DE-FRANCE;BAC;23;52;25
0782822U;Lycée polyvalent Pierre Corneille, lycée des métiers de la vente et  des services aux entreprises;ILE-DE-FRANCE;BTS;35;47;44
0782822U;Lycée polyvalent Pierre Corneille, lycée des métiers de la vente et  des services aux entreprises;ILE-DE-FRANCE;CAP;33;73;
0782822U;Lycée polyvalent Pierre Corneille, lycée des métiers de la vente et  des services aux entreprises;ILE-DE-FRANCE;MC4;;;
0782924E;Lycée général et technologique Evariste Galois;ILE-DE-FRANCE;BTS;;52;54
0783214V;Lycée professionnel Lucien René Duchesne, lycée des métiers de l'automobile;ILE-DE-FRANCE;BAC;29;57;42
0783214V;Lycée professionnel Lucien René Duchesne, lycée des métiers de l'automobile;ILE-DE-FRANCE;CAP;44;46;37
0783288A;Lycée polyvalent privé Notre Dame;ILE-DE-FRANCE;BAC;20;55;
0783323N;Lycée technologique privé Saint Thomas de Villeneuve;ILE-DE-FRANCE;BTS;46;56;
0783325R;Lycée polyvalent privé Saint Vincent de Paul, Lycée des métiers de la vente et de la digitalisation de la relation clientèle;ILE-DE-FRANCE;BAC;25;59;32
0783325R;Lycée polyvalent privé Saint Vincent de Paul, Lycée des métiers de la vente et de la digitalisation de la relation clientèle;ILE-DE-FRANCE;BTS;31;;
0783325R;Lycée polyvalent privé Saint Vincent de Paul, Lycée des métiers de la vente et de la digitalisation de la relation clientèle;ILE-DE-FRANCE;CAP;;74;
0783330W;Lycée professionnel privé Roulleau;ILE-DE-FRANCE;BAC;;38;
0783344L;Lycée général et technologique privé Notre Dame;ILE-DE-FRANCE;BTS;82;62;68
0783351U;Lycée général et technologique privé Notre Dame du Grandchamp;ILE-DE-FRANCE;BTS;25;52;56
0783431F;Lycée polyvalent Jules Verne, lycée des métiers de l'artisanat d'art dans les professions du spectacle;ILE-DE-FRANCE;BAC;16;51;28
0783431F;Lycée polyvalent Jules Verne, lycée des métiers de l'artisanat d'art dans les professions du spectacle;ILE-DE-FRANCE;CAP;27;67;16
0783447Y;Lycée polyvalent Simone Weil, lycée des métiers du nautisme;ILE-DE-FRANCE;BAC;31;51;34
0783447Y;Lycée polyvalent Simone Weil, lycée des métiers du nautisme;ILE-DE-FRANCE;CAP;40;57;
0783533S;Lycée polyvalent Camille Claudel, lycée des métiers de l'hôtellerie, de la restauration et du commerce;ILE-DE-FRANCE;BAC;19;53;31
0783533S;Lycée polyvalent Camille Claudel, lycée des métiers de l'hôtellerie, de la restauration et du commerce;ILE-DE-FRANCE;CAP;43;50;29
0783537W;Lycée professionnel privé Notre Dame;ILE-DE-FRANCE;BAC;32;54;36
0910429X;Etablissement régional d'enseignement adapté Le Château du Lac;ILE-DE-FRANCE;CAP;27;56;41
0910620E;Lycée polyvalent Robert Doisneau, lycée des métiers des services aux entreprises et de l'industrie;ILE-DE-FRANCE;BAC;23;53;39
0910620E;Lycée polyvalent Robert Doisneau, lycée des métiers des services aux entreprises et de l'industrie;ILE-DE-FRANCE;BTS;28;39;49
0910620E;Lycée polyvalent Robert Doisneau, lycée des métiers des services aux entreprises et de l'industrie;ILE-DE-FRANCE;CAP;32;64;
0910622G;Lycée polyvalent Geoffroy-Saint-Hilaire;ILE-DE-FRANCE;BAC;24;49;27
0910622G;Lycée polyvalent Geoffroy-Saint-Hilaire;ILE-DE-FRANCE;BTS;33;34;50
0910623H;Lycée général et technologique Marcel Pagnol;ILE-DE-FRANCE;BTS;27;37;58
0910625K;Lycée général et technologique Rosa Parks;ILE-DE-FRANCE;BTS;35;39;55
0910627M;Lycée général et technologique Jean-Baptiste Corot;ILE-DE-FRANCE;BTS;39;51;51
0910628N;Lycée professionnel Paul Belmondo;ILE-DE-FRANCE;BAC;15;54;35
0910628N;Lycée professionnel Paul Belmondo;ILE-DE-FRANCE;CAP;29;51;
0910629P;Lycée professionnel Chateau des Coudraies, lycée des métiers de bouche et d'hôtellerie;ILE-DE-FRANCE;BAC;21;57;40
0910629P;Lycée professionnel Chateau des Coudraies, lycée des métiers de bouche et d'hôtellerie;ILE-DE-FRANCE;BTS;56;;
0910629P;Lycée professionnel Chateau des Coudraies, lycée des métiers de bouche et d'hôtellerie;ILE-DE-FRANCE;CAP;;58;41
0910629P;Lycée professionnel Chateau des Coudraies, lycée des métiers de bouche et d'hôtellerie;ILE-DE-FRANCE;MC5;20;30;30
0910630R;Lycée polyvalent Alexandre Denis, lycée des métiers de l'aéronautique, du transport et de la logistique;ILE-DE-FRANCE;BAC;15;53;48
0910630R;Lycée polyvalent Alexandre Denis, lycée des métiers de l'aéronautique, du transport et de la logistique;ILE-DE-FRANCE;BTS;34;;
0910630R;Lycée polyvalent Alexandre Denis, lycée des métiers de l'aéronautique, du transport et de la logistique;ILE-DE-FRANCE;CAP;;57;21
0910630R;Lycée polyvalent Alexandre Denis, lycée des métiers de l'aéronautique, du transport et de la logistique;ILE-DE-FRANCE;MC4;23;29;59
0910631S;Lycée professionnel Jean Monnet, lycée des métiers des services aux entreprises;ILE-DE-FRANCE;BAC;45;59;27
0910631S;Lycée professionnel Jean Monnet, lycée des métiers des services aux entreprises;ILE-DE-FRANCE;CAP;15;18;
0910632T;Lycée professionnel Gustave Eiffel, lycée des métiers de la mode et du bâtiment;ILE-DE-FRANCE;BAC;48;58;50
0910632T;Lycée professionnel Gustave Eiffel, lycée des métiers de la mode et du bâtiment;ILE-DE-FRANCE;BTS;41;27;83
0910632T;Lycée professionnel Gustave Eiffel, lycée des métiers de la mode et du bâtiment;ILE-DE-FRANCE;CAP;30;57;41
0910676R;Lycée polyvalent Clément Ader;ILE-DE-FRANCE;BAC;29;59;23
0910676R;Lycée polyvalent Clément Ader;ILE-DE-FRANCE;BTS;34;27;50
0910676R;Lycée polyvalent Clément Ader;ILE-DE-FRANCE;CAP;36;;
0910687C;Lycée général et technologique Fustel de Coulanges;ILE-DE-FRANCE;BTS;;47;55
0910715H;Lycée professionnel Jean Perrin, lycée des métiers de l'Industrie, du service à la personne et aux entreprises;ILE-DE-FRANCE;BAC;27;51;31
0910715H;Lycée professionnel Jean Perrin, lycée des métiers de l'Industrie, du service à la personne et aux entreprises;ILE-DE-FRANCE;CAP;35;57;20
0910715H;Lycée professionnel Jean Perrin, lycée des métiers de l'Industrie, du service à la personne et aux entreprises;ILE-DE-FRANCE;MC4;21;33;
0910715H;Lycée professionnel Jean Perrin, lycée des métiers de l'Industrie, du service à la personne et aux entreprises;ILE-DE-FRANCE;MC5;25;;
0910727W;Lycée polyvalent Parc de Vilgenis, lycée des métiers de la mécatronique, de l'informatique et des services aux entreprises;ILE-DE-FRANCE;BAC;;62;27
0910727W;Lycée polyvalent Parc de Vilgenis, lycée des métiers de la mécatronique, de l'informatique et des services aux entreprises;ILE-DE-FRANCE;BTS;30;45;53
0910755B;Lycée professionnel Nadar, lycée des métiers de la sécurité de l'industrie et de la relation client;ILE-DE-FRANCE;BAC;30;51;36
0910755B;Lycée professionnel Nadar, lycée des métiers de la sécurité de l'industrie et de la relation client;ILE-DE-FRANCE;CAP;30;52;13
0910756C;Lycée professionnel Louis Armand, lycée des métiers administratifs et commerciaux;ILE-DE-FRANCE;BAC;22;54;31
0910756C;Lycée professionnel Louis Armand, lycée des métiers administratifs et commerciaux;ILE-DE-FRANCE;BTS;30;;
0910756C;Lycée professionnel Louis Armand, lycée des métiers administratifs et commerciaux;ILE-DE-FRANCE;CAP;;58;18
0910756C;Lycée professionnel Louis Armand, lycée des métiers administratifs et commerciaux;ILE-DE-FRANCE;MC4;29;;
0910808J;Lycée général et technologique privé Saint Charles;ILE-DE-FRANCE;BTS;;65;70
0910838S;Lycée polyvalent privé Beth Rivkah;ILE-DE-FRANCE;BAC;38;20;
0910843X;Lycée polyvalent privé St Pierre, lycée des métiers communication, gestion, mercatique, lycée des métiers d'hôtellerie, restauration, tourisme;ILE-DE-FRANCE;BAC;21;63;48
0910843X;Lycée polyvalent privé St Pierre, lycée des métiers communication, gestion, mercatique, lycée des métiers d'hôtellerie, restauration, tourisme;ILE-DE-FRANCE;BTS;59;56;59
0910975R;Lycée polyvalent Jean-Pierre Timbaud;ILE-DE-FRANCE;BAC;18;65;35
0910975R;Lycée polyvalent Jean-Pierre Timbaud;ILE-DE-FRANCE;BTS;40;42;62
0910975R;Lycée polyvalent Jean-Pierre Timbaud;ILE-DE-FRANCE;CAP;32;50;46
0911037H;Lycée professionnel André-Marie Ampère, Lycée des métiers du numérique et de la transition énergétique;ILE-DE-FRANCE;BAC;35;62;25
0911037H;Lycée professionnel André-Marie Ampère, Lycée des métiers du numérique et de la transition énergétique;ILE-DE-FRANCE;CAP;21;75;
0911037H;Lycée professionnel André-Marie Ampère, Lycée des métiers du numérique et de la transition énergétique;ILE-DE-FRANCE;MC4;21;;
0911251R;Lycée général et technologique Parc des Loges;ILE-DE-FRANCE;BTS;;51;43
0911254U;Lycée polyvalent Charles Baudelaire, lycée des métiers de la relation client, de la beauté, du soin et des services à la personne;ILE-DE-FRANCE;BAC;28;57;37
0911254U;Lycée polyvalent Charles Baudelaire, lycée des métiers de la relation client, de la beauté, du soin et des services à la personne;ILE-DE-FRANCE;BP;26;;
0911254U;Lycée polyvalent Charles Baudelaire, lycée des métiers de la relation client, de la beauté, du soin et des services à la personne;ILE-DE-FRANCE;BTS;;19;48
0911254U;Lycée polyvalent Charles Baudelaire, lycée des métiers de la relation client, de la beauté, du soin et des services à la personne;ILE-DE-FRANCE;CAP;28;54;26
0911264E;Lycée polyvalent privé - Section de Technicien Supérieur - Classes Préparatoires aux Grandes Ecoles d'Optométrie;ILE-DE-FRANCE;BTS;29;57;81
0911343R;Lycée professionnel Auguste Perret;ILE-DE-FRANCE;BAC;28;46;33
0911343R;Lycée professionnel Auguste Perret;ILE-DE-FRANCE;CAP;49;42;38
0911346U;Lycée général et technologique Albert Einstein;ILE-DE-FRANCE;BTS;30;56;54
0911353B;Etablissement régional d'enseignement adapté Jean Isoard;ILE-DE-FRANCE;CAP;28;43;11
0911401D;Lycée professionnel Nelson-Mandela;ILE-DE-FRANCE;BAC;17;50;27
0911401D;Lycée professionnel Nelson-Mandela;ILE-DE-FRANCE;CAP;22;37;18
0911492C;Lycée polyvalent L'Essouriau;ILE-DE-FRANCE;BAC;24;61;23
0911492C;Lycée polyvalent L'Essouriau;ILE-DE-FRANCE;BTS;36;29;53
0911492C;Lycée polyvalent L'Essouriau;ILE-DE-FRANCE;CAP;38;65;
0911493D;Lycée professionnel Les Frères Moreau;ILE-DE-FRANCE;BAC;31;49;39
0911493D;Lycée professionnel Les Frères Moreau;ILE-DE-FRANCE;CAP;29;46;12
0911577V;Lycée général et technologique Jacques Prévert;ILE-DE-FRANCE;BTS;33;41;60
0911578W;Lycée polyvalent Pierre Mendès France;ILE-DE-FRANCE;BAC;36;57;34
0911578W;Lycée polyvalent Pierre Mendès France;ILE-DE-FRANCE;CAP;29;44;10
0911632E;Lycée général et technologique René Cassin;ILE-DE-FRANCE;BTS;23;56;52
0911828T;Lycée polyvalent Georges Brassens, lycée des métiers du numérique et des arts appliqués;ILE-DE-FRANCE;BAC;21;65;31
0911828T;Lycée polyvalent Georges Brassens, lycée des métiers du numérique et des arts appliqués;ILE-DE-FRANCE;BTS;24;31;35
0911913K;Lycée général et technologique Vallée de Chevreuse;ILE-DE-FRANCE;BTS;40;49;48
0911937L;Lycée polyvalent François Truffaut;ILE-DE-FRANCE;BTS;19;30;43
0911945V;Lycée polyvalent Marguerite Yourcenar;ILE-DE-FRANCE;BAC;27;63;30
0911945V;Lycée polyvalent Marguerite Yourcenar;ILE-DE-FRANCE;CAP;20;54;
0911946W;Lycée polyvalent Léonard de Vinci;ILE-DE-FRANCE;BAC;24;51;22
0911946W;Lycée polyvalent Léonard de Vinci;ILE-DE-FRANCE;BTS;19;36;43
0911946W;Lycée polyvalent Léonard de Vinci;ILE-DE-FRANCE;CAP;29;48;10
0911961M;Lycée général et technologique Edmond Michelet;ILE-DE-FRANCE;BTS;35;43;25
0911962N;Lycée polyvalent Marie Laurencin;ILE-DE-FRANCE;BAC;16;57;31
0912117G;Lycée polyvalent privé Notre Dame de Sion;ILE-DE-FRANCE;BAC;24;;
0912142J;Lycée polyvalent Gaspard Monge, lycée des métiers de l'automobile et de la logistique;ILE-DE-FRANCE;BAC;;51;49
0912142J;Lycée polyvalent Gaspard Monge, lycée des métiers de l'automobile et de la logistique;ILE-DE-FRANCE;BTS;57;34;63
0912142J;Lycée polyvalent Gaspard Monge, lycée des métiers de l'automobile et de la logistique;ILE-DE-FRANCE;CAP;30;48;53
0912161E;Lycée polyvalent privé Saint Léon;ILE-DE-FRANCE;BAC;18;58;30
0912163G;Lycée polyvalent Paul Langevin, lycée des métiers de la gestion et de la relation client;ILE-DE-FRANCE;BAC;17;50;37
0912163G;Lycée polyvalent Paul Langevin, lycée des métiers de la gestion et de la relation client;ILE-DE-FRANCE;BTS;28;16;51
0912163G;Lycée polyvalent Paul Langevin, lycée des métiers de la gestion et de la relation client;ILE-DE-FRANCE;CAP;21;57;
0912251C;Lycée polyvalent Henri Poincare, lycée des métiers de l'aide à la personne;ILE-DE-FRANCE;BAC;16;53;33
0912251C;Lycée polyvalent Henri Poincare, lycée des métiers de l'aide à la personne;ILE-DE-FRANCE;BTS;28;36;52
0912251C;Lycée polyvalent Henri Poincare, lycée des métiers de l'aide à la personne;ILE-DE-FRANCE;CAP;9;59;
0912321D;Lycée polyvalent privé Saint-Martin;ILE-DE-FRANCE;BAC;17;59;19
0912364A;Lycée polyvalent Nikola Tesla;ILE-DE-FRANCE;BAC;16;52;34
0912364A;Lycée polyvalent Nikola Tesla;ILE-DE-FRANCE;BTS;31;35;53
0920130S;Lycée général et technologique Descartes;ILE-DE-FRANCE;BTS;28;61;57
0920134W;Lycée général et technologique Jacques Prévert;ILE-DE-FRANCE;BTS;31;41;58
0920135X;Lycée général et technologique Emmanuel Mounier;ILE-DE-FRANCE;BTS;21;35;54
0920136Y;Lycée polyvalent Newton-Enrea;ILE-DE-FRANCE;BAC;35;54;21
0920136Y;Lycée polyvalent Newton-Enrea;ILE-DE-FRANCE;BTS;34;29;53
0920136Y;Lycée polyvalent Newton-Enrea;ILE-DE-FRANCE;CAP;45;65;
0920137Z;Lycée général et technologique Guy de Maupassant;ILE-DE-FRANCE;BTS;35;37;63
0920138A;Lycée général et technologique Paul Lapie;ILE-DE-FRANCE;BTS;38;54;52
0920141D;Lycée polyvalent Joliot-Curie;ILE-DE-FRANCE;BAC;31;44;46
0920141D;Lycée polyvalent Joliot-Curie;ILE-DE-FRANCE;BP;21;;
0920141D;Lycée polyvalent Joliot-Curie;ILE-DE-FRANCE;BTS;;39;46
0920141D;Lycée polyvalent Joliot-Curie;ILE-DE-FRANCE;CAP;24;68;
0920144G;Lycée général et technologique L'Agora;ILE-DE-FRANCE;BTS;32;40;42
0920147K;Lycée général et technologique Paul Langevin;ILE-DE-FRANCE;BTS;9;41;51
0920150N;Lycée polyvalent de Prony, lycée des métiers du bois, de l'ébénisterie, de la technique de l'architecture et de l'habitat;ILE-DE-FRANCE;BAC;40;51;29
0920150N;Lycée polyvalent de Prony, lycée des métiers du bois, de l'ébénisterie, de la technique de l'architecture et de l'habitat;ILE-DE-FRANCE;BTS;29;20;57
0920150N;Lycée polyvalent de Prony, lycée des métiers du bois, de l'ébénisterie, de la technique de l'architecture et de l'habitat;ILE-DE-FRANCE;CAP;33;66;23
0920158X;Lycée professionnel La Tournelle, lycée des métiers du numérique, de l'électricité, de l'accueil, du commerce et de la gestion;ILE-DE-FRANCE;BAC;41;52;32
0920158X;Lycée professionnel La Tournelle, lycée des métiers du numérique, de l'électricité, de l'accueil, du commerce et de la gestion;ILE-DE-FRANCE;CAP;27;59;
0920163C;Lycée professionnel Louis Girard;ILE-DE-FRANCE;BAC;26;59;34
0920163C;Lycée professionnel Louis Girard;ILE-DE-FRANCE;CAP;25;;
0920163C;Lycée professionnel Louis Girard;ILE-DE-FRANCE;MC4;;19;55
0920164D;Lycée professionnel Jean Monnet , lycée des métiers des constructions et de la gestion administrative;ILE-DE-FRANCE;BAC;11;50;38
0920164D;Lycée professionnel Jean Monnet , lycée des métiers des constructions et de la gestion administrative;ILE-DE-FRANCE;BTS;51;45;64
0920164D;Lycée professionnel Jean Monnet , lycée des métiers des constructions et de la gestion administrative;ILE-DE-FRANCE;CAP;26;52;33
0920166F;Lycée professionnel Vassily Kandinsky, lycée des métiers de l'esthétique et des services à la personne;ILE-DE-FRANCE;BAC;34;60;29
0920166F;Lycée professionnel Vassily Kandinsky, lycée des métiers de l'esthétique et des services à la personne;ILE-DE-FRANCE;CAP;26;50;15
0920170K;Lycée polyvalent Florian, lycée des métiers de la vente et de la beauté;ILE-DE-FRANCE;BAC;27;62;37
0920170K;Lycée polyvalent Florian, lycée des métiers de la vente et de la beauté;ILE-DE-FRANCE;BTS;22;48;
0920170K;Lycée polyvalent Florian, lycée des métiers de la vente et de la beauté;ILE-DE-FRANCE;CAP;23;66;12
0920170K;Lycée polyvalent Florian, lycée des métiers de la vente et de la beauté;ILE-DE-FRANCE;MC5;24;;
0920171L;Lycée professionnel Louis Blériot, lycée des métiers de l'énergie;ILE-DE-FRANCE;BAC;;44;31
0920171L;Lycée professionnel Louis Blériot, lycée des métiers de l'énergie;ILE-DE-FRANCE;BTS;48;20;
0920171L;Lycée professionnel Louis Blériot, lycée des métiers de l'énergie;ILE-DE-FRANCE;CAP;;57;28
0920429S;Etablissement régional d'enseignement adapté Martin Luther King;ILE-DE-FRANCE;CAP;44;61;20
0920680P;Lycée professionnel Léonard de Vinci;ILE-DE-FRANCE;BAC;15;59;26
0920680P;Lycée professionnel Léonard de Vinci;ILE-DE-FRANCE;CAP;38;35;
0920680P;Lycée professionnel Léonard de Vinci;ILE-DE-FRANCE;MC4;60;;
0920799U;Lycée général et technologique Richelieu;ILE-DE-FRANCE;BTS;;27;51
0920802X;Lycée général et technologique Jean-Pierre Vernant;ILE-DE-FRANCE;BTS;29;48;60
0920810F;Etablissement régional d'enseignement adapté Jean Monnet;ILE-DE-FRANCE;BAC;37;73;
0920810F;Etablissement régional d'enseignement adapté Jean Monnet;ILE-DE-FRANCE;CAP;;59;
0920894X;Lycée général et technologique privé Saint Gabriel;ILE-DE-FRANCE;BTS;;51;45
0920897A;Lycée général et technologique privé Notre Dame;ILE-DE-FRANCE;BTS;33;65;50
0920928J;Lycée général et technologique privé La Salle Passy Buzenval;ILE-DE-FRANCE;BTS;23;48;
0920963X;Lycée professionnel privé Saint François d'Assise;ILE-DE-FRANCE;BAC;11;58;26
0920963X;Lycée professionnel privé Saint François d'Assise;ILE-DE-FRANCE;CAP;28;55;
0920981S;Lycée professionnel privé Saint Philippe;ILE-DE-FRANCE;BAC;27;38;
0920981S;Lycée professionnel privé Saint Philippe;ILE-DE-FRANCE;CAP;27;45;62
0920985W;Lycée polyvalent privé La Trinité;ILE-DE-FRANCE;BAC;32;58;27
0921156G;Lycée polyvalent Galilée, lycée des métiers de la chimie,  de la plasturgie et des biotechnologies;ILE-DE-FRANCE;BAC;14;51;
0921156G;Lycée polyvalent Galilée, lycée des métiers de la chimie,  de la plasturgie et des biotechnologies;ILE-DE-FRANCE;BTS;83;52;39
0921156G;Lycée polyvalent Galilée, lycée des métiers de la chimie,  de la plasturgie et des biotechnologies;ILE-DE-FRANCE;CAP;26;;
0921166T;Lycée polyvalent Jean Jaurès, lycée des métiers de la santé et du social;ILE-DE-FRANCE;BAC;;62;30
0921166T;Lycée polyvalent Jean Jaurès, lycée des métiers de la santé et du social;ILE-DE-FRANCE;BTS;36;34;48
0921166T;Lycée polyvalent Jean Jaurès, lycée des métiers de la santé et du social;ILE-DE-FRANCE;CAP;39;47;25
0921229L;Lycée polyvalent Anatole-France, lycée des métiers de l'électrotechnique, des services et de la tapisserie d'ameublement;ILE-DE-FRANCE;BAC;39;38;34
0921229L;Lycée polyvalent Anatole-France, lycée des métiers de l'électrotechnique, des services et de la tapisserie d'ameublement;ILE-DE-FRANCE;BTS;34;41;57
0921229L;Lycée polyvalent Anatole-France, lycée des métiers de l'électrotechnique, des services et de la tapisserie d'ameublement;ILE-DE-FRANCE;CAP;42;65;32
0921230M;Lycée polyvalent Léonard de Vinci, lycée des métiers de la micro-technologie, de l'optique et des services aux entreprises;ILE-DE-FRANCE;BAC;29;51;30
0921230M;Lycée polyvalent Léonard de Vinci, lycée des métiers de la micro-technologie, de l'optique et des services aux entreprises;ILE-DE-FRANCE;BTS;31;30;54
0921399W;Lycée général et technologique Maurice Genevoix;ILE-DE-FRANCE;BTS;58;43;
0921484N;Lycée polyvalent privé Montalembert;ILE-DE-FRANCE;BTS;;59;38
0921500F;Lycée professionnel Voilin, lycée des métiers de l'accueil, de la vente et des services aux entreprises;ILE-DE-FRANCE;BAC;16;53;29
0921500F;Lycée professionnel Voilin, lycée des métiers de l'accueil, de la vente et des services aux entreprises;ILE-DE-FRANCE;CAP;33;47;33
0921505L;Lycée professionnel Louis Dardenne;ILE-DE-FRANCE;BAC;30;55;33
0921505L;Lycée professionnel Louis Dardenne;ILE-DE-FRANCE;CAP;20;50;
0921592F;Lycée professionnel Les Cotes de Villebon, lycée des métiers de bouche, du commerce et de l'industrie;ILE-DE-FRANCE;BAC;10;48;39
0921592F;Lycée professionnel Les Cotes de Villebon, lycée des métiers de bouche, du commerce et de l'industrie;ILE-DE-FRANCE;BTS;41;;
0921592F;Lycée professionnel Les Cotes de Villebon, lycée des métiers de bouche, du commerce et de l'industrie;ILE-DE-FRANCE;CAP;;56;27
0921592F;Lycée professionnel Les Cotes de Villebon, lycée des métiers de bouche, du commerce et de l'industrie;ILE-DE-FRANCE;MC5;31;14;58
0921594H;Lycée général et technologique Michel Ange;ILE-DE-FRANCE;BTS;32;35;43
0921595J;Lycée professionnel Daniel Balavoine;ILE-DE-FRANCE;BAC;37;44;24
0921595J;Lycée professionnel Daniel Balavoine;ILE-DE-FRANCE;CAP;39;79;
0921595J;Lycée professionnel Daniel Balavoine;ILE-DE-FRANCE;MC4;58;30;
0921625S;Lycée professionnel Paul Painlevé, lycée des métiers du commerce, de la communication et de la gestion;ILE-DE-FRANCE;BAC;30;42;34
0921625S;Lycée professionnel Paul Painlevé, lycée des métiers du commerce, de la communication et de la gestion;ILE-DE-FRANCE;MC4;34;19;23
0921626T;Lycée professionnel Claude Chappe;ILE-DE-FRANCE;BAC;26;43;25
0921626T;Lycée professionnel Claude Chappe;ILE-DE-FRANCE;CAP;25;47;24
0921676X;Lycée professionnel Théodore Monod, lycée des métiers de l'hôtellerie et des services à vocation internationale;ILE-DE-FRANCE;BAC;39;65;35
0921676X;Lycée professionnel Théodore Monod, lycée des métiers de l'hôtellerie et des services à vocation internationale;ILE-DE-FRANCE;BTS;37;24;61
0921676X;Lycée professionnel Théodore Monod, lycée des métiers de l'hôtellerie et des services à vocation internationale;ILE-DE-FRANCE;CAP;45;46;29
0921676X;Lycée professionnel Théodore Monod, lycée des métiers de l'hôtellerie et des services à vocation internationale;ILE-DE-FRANCE;MC5;32;27;30
0921932A;Lycée professionnel privé La Salle Passy Buzenval;ILE-DE-FRANCE;BAC;37;75;
0921935D;Etablissement régional d'enseignement adapté Toulouse Lautrec;ILE-DE-FRANCE;BTS;24;49;42
0922149L;Lycée polyvalent  Auffray, lycée des métiers de l'hôtellerie-tourisme, de la santé et du social;ILE-DE-FRANCE;BAC;11;56;34
0922149L;Lycée polyvalent  Auffray, lycée des métiers de l'hôtellerie-tourisme, de la santé et du social;ILE-DE-FRANCE;BTS;39;33;49
0922149L;Lycée polyvalent  Auffray, lycée des métiers de l'hôtellerie-tourisme, de la santé et du social;ILE-DE-FRANCE;CAP;41;44;42
0922149L;Lycée polyvalent  Auffray, lycée des métiers de l'hôtellerie-tourisme, de la santé et du social;ILE-DE-FRANCE;MC4;40;20;
0922249V;Lycée polyvalent Montesquieu;ILE-DE-FRANCE;BAC;25;61;26
0922249V;Lycée polyvalent Montesquieu;ILE-DE-FRANCE;BTS;24;;
0922276Z;Lycée polyvalent Santos Dumont, lycée des métiers de l'hôtellerie et de la gestion des entreprises;ILE-DE-FRANCE;BAC;;52;37
0922276Z;Lycée polyvalent Santos Dumont, lycée des métiers de l'hôtellerie et de la gestion des entreprises;ILE-DE-FRANCE;BTS;47;56;47
0922276Z;Lycée polyvalent Santos Dumont, lycée des métiers de l'hôtellerie et de la gestion des entreprises;ILE-DE-FRANCE;CAP;28;72;48
0922276Z;Lycée polyvalent Santos Dumont, lycée des métiers de l'hôtellerie et de la gestion des entreprises;ILE-DE-FRANCE;MC5;30;;
0922277A;Lycée polyvalent Charles Petiet;ILE-DE-FRANCE;BAC;;43;35
0922277A;Lycée polyvalent Charles Petiet;ILE-DE-FRANCE;BTS;46;;
0922277A;Lycée polyvalent Charles Petiet;ILE-DE-FRANCE;CAP;;53;29
0922398G;Lycée polyvalent Gustave Eiffel, lycée des métiers de la santé, de la communication et du commerce;ILE-DE-FRANCE;BAC;26;60;29
0922398G;Lycée polyvalent Gustave Eiffel, lycée des métiers de la santé, de la communication et du commerce;ILE-DE-FRANCE;BTS;22;33;58
0922427N;Lycée polyvalent Claude Garamont, lycée des métiers de la chaîne graphiques;ILE-DE-FRANCE;BAC;35;56;19
0922427N;Lycée polyvalent Claude Garamont, lycée des métiers de la chaîne graphiques;ILE-DE-FRANCE;BTS;12;14;50
0922443F;Lycée polyvalent  Etienne-Jules Marey, lycée des métiers de la petite enfance et des soins à la personne;ILE-DE-FRANCE;BAC;45;51;31
0922443F;Lycée polyvalent  Etienne-Jules Marey, lycée des métiers de la petite enfance et des soins à la personne;ILE-DE-FRANCE;BTS;28;;
0922443F;Lycée polyvalent  Etienne-Jules Marey, lycée des métiers de la petite enfance et des soins à la personne;ILE-DE-FRANCE;CAP;;82;
0922464D;Lycée polyvalent Louise Michel;ILE-DE-FRANCE;BAC;24;50;26
0922464D;Lycée polyvalent Louise Michel;ILE-DE-FRANCE;BTS;42;30;57
0922464D;Lycée polyvalent Louise Michel;ILE-DE-FRANCE;CAP;35;;
0922464D;Lycée polyvalent Louise Michel;ILE-DE-FRANCE;MC5;;;
0922653J;Lycée polyvalent privé la Salle Saint Nicolas, lycée des métiers;ILE-DE-FRANCE;BAC;;60;41
0922653J;Lycée polyvalent privé la Salle Saint Nicolas, lycée des métiers;ILE-DE-FRANCE;BTS;18;35;39
0922653J;Lycée polyvalent privé la Salle Saint Nicolas, lycée des métiers;ILE-DE-FRANCE;CAP;24;67;
0930116W;Lycée général et technologique Henri Wallon;ILE-DE-FRANCE;BTS;24;33;58
0930117X;Lycée général et Technologique Le Corbusier;ILE-DE-FRANCE;BTS;49;28;47
0930118Y;Lycée général et technologique Jean Renoir;ILE-DE-FRANCE;BTS;48;35;48
0930119Z;Lycée polyvalent Eugène Delacroix;ILE-DE-FRANCE;BAC;42;56;38
0930119Z;Lycée polyvalent Eugène Delacroix;ILE-DE-FRANCE;BTS;19;34;53
0930119Z;Lycée polyvalent Eugène Delacroix;ILE-DE-FRANCE;CAP;38;84;
0930120A;Lycée général et technologique Jacques Feyder;ILE-DE-FRANCE;BTS;;24;53
0930121B;Lycée enseignement général et technologique Jean Jaurès;ILE-DE-FRANCE;BTS;42;35;46
0930122C;Lycée général et technologique Condorcet;ILE-DE-FRANCE;BTS;34;33;43
0930123D;Lycée général et technologique Olympe de Gouges;ILE-DE-FRANCE;BTS;38;25;
0930125F;Lycée enseignement général et technologique Paul Eluard;ILE-DE-FRANCE;BTS;;33;52
0930126G;Lycée polyvalent Auguste Blanqui;ILE-DE-FRANCE;BAC;36;72;33
0930126G;Lycée polyvalent Auguste Blanqui;ILE-DE-FRANCE;BTS;26;40;54
0930127H;Lycée général et technologique Clémenceau;ILE-DE-FRANCE;BTS;22;28;50
0930128J;Lycée professionnel Denis Papin;ILE-DE-FRANCE;BAC;35;45;20
0930128J;Lycée professionnel Denis Papin;ILE-DE-FRANCE;CAP;42;69;19
0930129K;Lycée professionnel Madeleine Vionnet;ILE-DE-FRANCE;BAC;27;52;25
0930129K;Lycée professionnel Madeleine Vionnet;ILE-DE-FRANCE;BTS;34;12;40
0930130L;Lycée professionnel Condorcet - Lycée des métiers du traitement de surface des matériaux - Lycée des métiers de maintenance et après-vente automobile;ILE-DE-FRANCE;BAC;28;59;22
0930133P;Lycée professionnel Théodore Monod - Lycée des métiers du commerce et de la vente;ILE-DE-FRANCE;BAC;34;45;24
0930133P;Lycée professionnel Théodore Monod - Lycée des métiers du commerce et de la vente;ILE-DE-FRANCE;CAP;36;63;18
0930133P;Lycée professionnel Théodore Monod - Lycée des métiers du commerce et de la vente;ILE-DE-FRANCE;MC4;25;16;33
0930135S;Lycée professionnel Simone Weil;ILE-DE-FRANCE;BAC;24;48;27
0930136T;Lycée polyvalent Claude-Nicolas Ledoux - Lycée des métiers de l'éco-construction et de la décoration;ILE-DE-FRANCE;BAC;30;54;35
0930136T;Lycée polyvalent Claude-Nicolas Ledoux - Lycée des métiers de l'éco-construction et de la décoration;ILE-DE-FRANCE;CAP;89;36;24
0930138V;Lycée professionnel Frédéric Bartholdi;ILE-DE-FRANCE;BAC;50;55;27
0930138V;Lycée professionnel Frédéric Bartholdi;ILE-DE-FRANCE;CAP;37;69;10
0930138V;Lycée professionnel Frédéric Bartholdi;ILE-DE-FRANCE;MC5;32;;
0930830X;Lycée général et technologique Albert Schweitzer;ILE-DE-FRANCE;BTS;;58;54
0930831Y;Lycée professionnel Aristide Briand - Lycée des métiers de l'aérien;ILE-DE-FRANCE;BAC;24;50;38
0930831Y;Lycée professionnel Aristide Briand - Lycée des métiers de l'aérien;ILE-DE-FRANCE;CAP;26;36;13
0930831Y;Lycée professionnel Aristide Briand - Lycée des métiers de l'aérien;ILE-DE-FRANCE;MC4;42;24;
0930833A;Lycée enseignement général et technologique Jean Zay;ILE-DE-FRANCE;BTS;56;38;53
0930834B;Lycée général et technologique Voillaume;ILE-DE-FRANCE;BTS;32;30;49
0930846P;Lycée professionnel Voillaume, Lyc métiers management, gestion, administration communication - Lyc métiers conception réalisation systèmes industriels;ILE-DE-FRANCE;BAC;39;53;37
0930929E;Lycée professionnel privé Jeanne la Lorraine;ILE-DE-FRANCE;BAC;21;42;26
0930933J;Lycée polyvalent privé Assomption;ILE-DE-FRANCE;BAC;26;67;17
0930936M;Lycée polyvalent privé Saint Benoist de l'Europe;ILE-DE-FRANCE;BAC;9;62;
0930946Y;Lycée professionnel privé Saint Vincent de Paul;ILE-DE-FRANCE;BAC;19;61;11
0930960N;Lycée professionnel privé ORT;ILE-DE-FRANCE;BAC;21;56;59
0931024H;Lycée professionnel Jean-Pierre Timbaud;ILE-DE-FRANCE;BAC;41;53;33
0931024H;Lycée professionnel Jean-Pierre Timbaud;ILE-DE-FRANCE;BTS;37;59;
0931024H;Lycée professionnel Jean-Pierre Timbaud;ILE-DE-FRANCE;CAP;;43;19
0931026K;Lycée polyvalent privé Protectorat Saint Joseph;ILE-DE-FRANCE;BAC;34;76;
0931026K;Lycée polyvalent privé Protectorat Saint Joseph;ILE-DE-FRANCE;BTS;21;47;56
0931193S;Lycée professionnel Hélène Boucher - Lycée des métiers du transport;ILE-DE-FRANCE;BAC;29;64;35
0931198X;Lycée professionnel Alfred Costes - Lycée des métiers de la communication et de l'industrie graphique;ILE-DE-FRANCE;BAC;42;66;20
0931233K;Lycée professionnel Jean-Baptiste Clément - Lycée des métiers de la vente et du commerce;ILE-DE-FRANCE;BAC;21;44;26
0931233K;Lycée professionnel Jean-Baptiste Clément - Lycée des métiers de la vente et du commerce;ILE-DE-FRANCE;CAP;45;61;21
0931272C;Lycée général et technologique Gustave Eiffel;ILE-DE-FRANCE;BTS;38;38;55
0931369H;Lycée professionnel privé Françoise Cabrini - Lycée des métiers de la vente;ILE-DE-FRANCE;BAC;41;67;26
0931369H;Lycée professionnel privé Françoise Cabrini - Lycée des métiers de la vente;ILE-DE-FRANCE;CAP;34;52;
0931430Z;Lycée général et technologique Jacques Brel;ILE-DE-FRANCE;BTS;32;34;45
0931565W;Lycée général et technologique Flora Tristan;ILE-DE-FRANCE;BTS;46;51;54
0931573E;Lycée professionnel privé Robert Schuman;ILE-DE-FRANCE;BAC;42;82;20
0931584S;Lycée polyvalent Jean Rostand;ILE-DE-FRANCE;BAC;19;60;
0931584S;Lycée polyvalent Jean Rostand;ILE-DE-FRANCE;BTS;24;28;38
0931585T;Lycée général et technologique André Boulloche;ILE-DE-FRANCE;BTS;25;38;53
0931613Y;Lycée général et technologique Louise Michel;ILE-DE-FRANCE;BTS;23;18;56
0931735F;Lycée professionnel Louise Michel - Lycée des métiers de la vente et du commerce;ILE-DE-FRANCE;BAC;28;43;30
0931735F;Lycée professionnel Louise Michel - Lycée des métiers de la vente et du commerce;ILE-DE-FRANCE;CAP;32;39;11
0931738J;Lycée professionnel Arthur Rimbaud;ILE-DE-FRANCE;BAC;35;51;37
0931739K;Lycée professionnel Jean Moulin;ILE-DE-FRANCE;BAC;35;50;21
0931739K;Lycée professionnel Jean Moulin;ILE-DE-FRANCE;CAP;40;52;18
0931739K;Lycée professionnel Jean Moulin;ILE-DE-FRANCE;MC5;20;0;45
0931779D;Lycée de l'Horticulture et du Paysage Jeanne Baret;ILE-DE-FRANCE;BAC;36;40;26
0931779D;Lycée de l'Horticulture et du Paysage Jeanne Baret;ILE-DE-FRANCE;BTS;69;39;53
0931779D;Lycée de l'Horticulture et du Paysage Jeanne Baret;ILE-DE-FRANCE;CAP;48;57;26
0931796X;Lycée enseignement général et technologique privé O R T;ILE-DE-FRANCE;BTS;39;52;67
0931797Y;Lycée polyvalent privé Jean-Baptiste de la Salle - lycée des métiers des applications de l'énergie électrique et de leur maintenance;ILE-DE-FRANCE;BAC;26;65;
0931797Y;Lycée polyvalent privé Jean-Baptiste de la Salle - lycée des métiers des applications de l'énergie électrique et de leur maintenance;ILE-DE-FRANCE;BTS;18;23;50
0931797Y;Lycée polyvalent privé Jean-Baptiste de la Salle - lycée des métiers des applications de l'énergie électrique et de leur maintenance;ILE-DE-FRANCE;CAP;13;;
0932026X;Lycée polyvalent Alfred Nobel;ILE-DE-FRANCE;BAC;;50;33
0932026X;Lycée polyvalent Alfred Nobel;ILE-DE-FRANCE;BTS;26;21;43
0932026X;Lycée polyvalent Alfred Nobel;ILE-DE-FRANCE;CAP;18;53;13
0932030B;Lycée polyvalent Maurice Utrillo;ILE-DE-FRANCE;BAC;36;69;22
0932030B;Lycée polyvalent Maurice Utrillo;ILE-DE-FRANCE;BTS;25;18;50
0932031C;Lycée général et technologique Charles de Gaulle;ILE-DE-FRANCE;BTS;44;30;66
0932046U;Lycée polyvalent Léonard de Vinci - Lycée des métiers du transport;ILE-DE-FRANCE;BAC;30;36;29
0932046U;Lycée polyvalent Léonard de Vinci - Lycée des métiers du transport;ILE-DE-FRANCE;BTS;35;35;55
0932047V;Lycée polyvalent Evariste Galois - Lycée des métiers de l'audiovisuel;ILE-DE-FRANCE;BAC;30;67;11
0932047V;Lycée polyvalent Evariste Galois - Lycée des métiers de l'audiovisuel;ILE-DE-FRANCE;BTS;34;37;60
0932048W;Lycée polyvalent Blaise Cendrars;ILE-DE-FRANCE;BAC;22;61;29
0932048W;Lycée polyvalent Blaise Cendrars;ILE-DE-FRANCE;CAP;27;70;
0932073Y;Lycée polyvalent Paul Robert;ILE-DE-FRANCE;BAC;;52;23
0932074Z;Lycée polyvalent Marcel Cachin - Lycée des métiers de la santé et du travail social;ILE-DE-FRANCE;BAC;32;46;32
0932074Z;Lycée polyvalent Marcel Cachin - Lycée des métiers de la santé et du travail social;ILE-DE-FRANCE;BTS;44;33;55
0932074Z;Lycée polyvalent Marcel Cachin - Lycée des métiers de la santé et du travail social;ILE-DE-FRANCE;CAP;38;48;14
0932074Z;Lycée polyvalent Marcel Cachin - Lycée des métiers de la santé et du travail social;ILE-DE-FRANCE;MC4;44;;
0932116V;Lycée polyvalent Eugénie Cotton - Lycée des métiers création graphique, numérique et développement de l'entreprise;ILE-DE-FRANCE;BAC;;55;25
0932116V;Lycée polyvalent Eugénie Cotton - Lycée des métiers création graphique, numérique et développement de l'entreprise;ILE-DE-FRANCE;BTS;34;;
0932116V;Lycée polyvalent Eugénie Cotton - Lycée des métiers création graphique, numérique et développement de l'entreprise;ILE-DE-FRANCE;CAP;;;
0932117W;Lycée polyvalent Lucie Aubrac;ILE-DE-FRANCE;BAC;;59;30
0932117W;Lycée polyvalent Lucie Aubrac;ILE-DE-FRANCE;CAP;21;;
0932118X;Lycée polyvalent Jean Moulin;ILE-DE-FRANCE;BAC;;47;30
0932118X;Lycée polyvalent Jean Moulin;ILE-DE-FRANCE;CAP;21;62;
0932119Y;Lycée polyvalent Eugène Henaff - Lycée des métiers de l'énergie;ILE-DE-FRANCE;BAC;22;52;32
0932119Y;Lycée polyvalent Eugène Henaff - Lycée des métiers de l'énergie;ILE-DE-FRANCE;BTS;41;21;
0932119Y;Lycée polyvalent Eugène Henaff - Lycée des métiers de l'énergie;ILE-DE-FRANCE;CAP;16;53;23
0932119Y;Lycée polyvalent Eugène Henaff - Lycée des métiers de l'énergie;ILE-DE-FRANCE;MC4;38;;
0932120Z;Lycée polyvalent Henri Sellier - Lycée des métiers de la santé et du social;ILE-DE-FRANCE;BAC;;61;28
0932120Z;Lycée polyvalent Henri Sellier - Lycée des métiers de la santé et du social;ILE-DE-FRANCE;BTS;20;51;30
0932120Z;Lycée polyvalent Henri Sellier - Lycée des métiers de la santé et du social;ILE-DE-FRANCE;CAP;23;;
0932121A;Lycée polyvalent Suger - Lycée des métiers de l'image et du son;ILE-DE-FRANCE;BAC;;49;22
0932121A;Lycée polyvalent Suger - Lycée des métiers de l'image et du son;ILE-DE-FRANCE;BTS;33;39;44
0932122B;Lycée polyvalent d'Alembert;ILE-DE-FRANCE;BAC;23;54;24
0932123C;Lycée polyvalent Sabatier - Lycée des métiers de l'esthétique et de la coiffure;ILE-DE-FRANCE;BAC;35;56;45
0932123C;Lycée polyvalent Sabatier - Lycée des métiers de l'esthétique et de la coiffure;ILE-DE-FRANCE;CAP;35;54;19
0932123C;Lycée polyvalent Sabatier - Lycée des métiers de l'esthétique et de la coiffure;ILE-DE-FRANCE;MC5;37;60;
0932126F;Lycée polyvalent François Rabelais - Lycée des métiers de l'hôtellerie et de la restauration;ILE-DE-FRANCE;BAC;10;51;49
0932126F;Lycée polyvalent François Rabelais - Lycée des métiers de l'hôtellerie et de la restauration;ILE-DE-FRANCE;BTS;79;19;67
0932126F;Lycée polyvalent François Rabelais - Lycée des métiers de l'hôtellerie et de la restauration;ILE-DE-FRANCE;CAP;26;55;26
0932126F;Lycée polyvalent François Rabelais - Lycée des métiers de l'hôtellerie et de la restauration;ILE-DE-FRANCE;MC4;22;54;
0932126F;Lycée polyvalent François Rabelais - Lycée des métiers de l'hôtellerie et de la restauration;ILE-DE-FRANCE;MC5;12;27;39
0932129J;Lycée polyvalent Application de l'Enna - Lycée des métiers des structures métalliques;ILE-DE-FRANCE;BAC;52;54;32
0932129J;Lycée polyvalent Application de l'Enna - Lycée des métiers des structures métalliques;ILE-DE-FRANCE;CAP;32;70;
0932221J;Lycée polyvalent Blaise Pascal - Lycée des métiers de la santé et de l'aide à la personne;ILE-DE-FRANCE;BAC;23;62;24
0932221J;Lycée polyvalent Blaise Pascal - Lycée des métiers de la santé et de l'aide à la personne;ILE-DE-FRANCE;BTS;13;42;43
0932222K;Lycée polyvalent René Cassin - Lycée des métiers de l'électrotechnique;ILE-DE-FRANCE;BAC;20;54;44
0932222K;Lycée polyvalent René Cassin - Lycée des métiers de l'électrotechnique;ILE-DE-FRANCE;CAP;26;85;
0932229T;Lycée polyvalent Paul Le Rolland - Lycée des métiers de la conception et de la réalisation de systèmes industriels;ILE-DE-FRANCE;BAC;31;46;25
0932229T;Lycée polyvalent Paul Le Rolland - Lycée des métiers de la conception et de la réalisation de systèmes industriels;ILE-DE-FRANCE;BTS;40;26;55
0932229T;Lycée polyvalent Paul Le Rolland - Lycée des métiers de la conception et de la réalisation de systèmes industriels;ILE-DE-FRANCE;CAP;29;43;26
0932260B;Lycée polyvalent Georges Brassens - Lycée des métiers du management, de la gestion, de l'administration et de la communication;ILE-DE-FRANCE;BAC;31;53;34
0932260B;Lycée polyvalent Georges Brassens - Lycée des métiers du management, de la gestion, de l'administration et de la communication;ILE-DE-FRANCE;CAP;24;52;32
0932267J;Lycée polyvalent Liberté - Lycée des métiers du laboratoire et de la santé;ILE-DE-FRANCE;BAC;21;54;28
0932267J;Lycée polyvalent Liberté - Lycée des métiers du laboratoire et de la santé;ILE-DE-FRANCE;BP;23;32;75
0932267J;Lycée polyvalent Liberté - Lycée des métiers du laboratoire et de la santé;ILE-DE-FRANCE;CAP;53;63;21
0932282A;Lycée polyvalent Léo Lagrange;ILE-DE-FRANCE;BAC;;54;28
0932291K;Lycee polyvalent Nicolas-Joseph Cugnot - Lycée des métiers de l'automobile;ILE-DE-FRANCE;BAC;25;54;23
0932291K;Lycee polyvalent Nicolas-Joseph Cugnot - Lycée des métiers de l'automobile;ILE-DE-FRANCE;BTS;34;46;
0932291K;Lycee polyvalent Nicolas-Joseph Cugnot - Lycée des métiers de l'automobile;ILE-DE-FRANCE;CAP;36;45;29
0932667U;Lycée polyvalent Angela Davis;ILE-DE-FRANCE;BAC;25;64;35
0932667U;Lycée polyvalent Angela Davis;ILE-DE-FRANCE;BTS;21;46;57
0932721C;Lycée professionnel privé Marcel LAMY;ILE-DE-FRANCE;BAC;20;;
0932721C;Lycée professionnel privé Marcel LAMY;ILE-DE-FRANCE;CAP;;;
0940112L;Lycée polyvalent Louise Michel - Lycée des métiers de la santé;ILE-DE-FRANCE;BAC;;55;38
0940113M;Lycée polyvalent Langevin-Wallon;ILE-DE-FRANCE;BAC;17;55;27
0940113M;Lycée polyvalent Langevin-Wallon;ILE-DE-FRANCE;BTS;40;33;53
0940114N;Lycée polyvalent Antoine de Saint-Exupéry;ILE-DE-FRANCE;BAC;40;74;25
0940114N;Lycée polyvalent Antoine de Saint-Exupéry;ILE-DE-FRANCE;BTS;34;27;57
0940114N;Lycée polyvalent Antoine de Saint-Exupéry;ILE-DE-FRANCE;MC4;32;18;39
0940116R;Lycée général et technologique Eugène Delacroix;ILE-DE-FRANCE;BTS;50;39;47
0940118T;Lycée polyvalent L Armand, Lyc mét télécommunications réseaux informatiques, électricité et applications, conception mécanique assistée par ordinateur;ILE-DE-FRANCE;BAC;38;72;22
0940118T;Lycée polyvalent L Armand, Lyc mét télécommunications réseaux informatiques, électricité et applications, conception mécanique assistée par ordinateur;ILE-DE-FRANCE;BTS;25;43;35
0940119U;Lycée polyvalent Paul Doumer;ILE-DE-FRANCE;BTS;19;36;42
0940120V;Lycée général et technologique Marcelin Berthelot;ILE-DE-FRANCE;BTS;38;69;44
0940121W;Lycée général et technologique d'Arsonval;ILE-DE-FRANCE;BTS;19;40;60
0940122X;Lycée polyvalent Condorcet;ILE-DE-FRANCE;BAC;4;53;29
0940122X;Lycée polyvalent Condorcet;ILE-DE-FRANCE;BTS;28;25;67
0940123Y;Lycée général et technologique Guillaume Apollinaire;ILE-DE-FRANCE;BTS;29;32;50
0940124Z;Lycée général et technologique Hector Berlioz;ILE-DE-FRANCE;BTS;31;42;64
0940126B;Lycée polyvalent Maximilien Perret - Lycée des métiers de l'énergie et du génie climatique;ILE-DE-FRANCE;BAC;27;54;41
0940126B;Lycée polyvalent Maximilien Perret - Lycée des métiers de l'énergie et du génie climatique;ILE-DE-FRANCE;BP;56;;
0940126B;Lycée polyvalent Maximilien Perret - Lycée des métiers de l'énergie et du génie climatique;ILE-DE-FRANCE;BTS;;41;59
0940126B;Lycée polyvalent Maximilien Perret - Lycée des métiers de l'énergie et du génie climatique;ILE-DE-FRANCE;CAP;37;62;30
0940129E;Lycée polyvalent Jean Macé - Lycée des métiers de la métallurgie, de la maintenance industrielle et électronique;ILE-DE-FRANCE;BAC;42;63;31
0940129E;Lycée polyvalent Jean Macé - Lycée des métiers de la métallurgie, de la maintenance industrielle et électronique;ILE-DE-FRANCE;BTS;33;29;47
0940129E;Lycée polyvalent Jean Macé - Lycée des métiers de la métallurgie, de la maintenance industrielle et électronique;ILE-DE-FRANCE;CAP;33;;
0940129E;Lycée polyvalent Jean Macé - Lycée des métiers de la métallurgie, de la maintenance industrielle et électronique;ILE-DE-FRANCE;MC4;;;
0940132H;Lycée professionnel Gabriel Péri - Lycée des métiers du social et de l'aide à la personne;ILE-DE-FRANCE;BAC;;51;41
0940132H;Lycée professionnel Gabriel Péri - Lycée des métiers du social et de l'aide à la personne;ILE-DE-FRANCE;CAP;46;60;19
0940134K;Lycée professionnel Val de Bièvre;ILE-DE-FRANCE;BAC;31;50;
0940134K;Lycée professionnel Val de Bièvre;ILE-DE-FRANCE;CAP;56;47;21
0940134K;Lycée professionnel Val de Bièvre;ILE-DE-FRANCE;MC5;37;;
0940137N;Lycée professionnel des métiers la Source;ILE-DE-FRANCE;BAC;;66;35
0940137N;Lycée professionnel des métiers la Source;ILE-DE-FRANCE;BTS;23;;
0940137N;Lycée professionnel des métiers la Source;ILE-DE-FRANCE;CAP;;59;29
0940137N;Lycée professionnel des métiers la Source;ILE-DE-FRANCE;MC5;17;;
0940138P;Lycée professionnel Armand Guillaumin - Lycée des métiers de la coiffure, de l'esthétique et des soins de la personne;ILE-DE-FRANCE;BAC;;55;35
0940138P;Lycée professionnel Armand Guillaumin - Lycée des métiers de la coiffure, de l'esthétique et des soins de la personne;ILE-DE-FRANCE;BTS;24;29;67
0940138P;Lycée professionnel Armand Guillaumin - Lycée des métiers de la coiffure, de l'esthétique et des soins de la personne;ILE-DE-FRANCE;CAP;32;62;18
0940138P;Lycée professionnel Armand Guillaumin - Lycée des métiers de la coiffure, de l'esthétique et des soins de la personne;ILE-DE-FRANCE;MC5;33;31;
0940140S;Lycée professionnel Gourdou-Leseurre - Lycée des métiers de la maintenance des systèmes industriels;ILE-DE-FRANCE;BAC;35;56;33
0940140S;Lycée professionnel Gourdou-Leseurre - Lycée des métiers de la maintenance des systèmes industriels;ILE-DE-FRANCE;BTS;27;60;
0940140S;Lycée professionnel Gourdou-Leseurre - Lycée des métiers de la maintenance des systèmes industriels;ILE-DE-FRANCE;CAP;;80;
0940141T;Lycée polyvalent Jacques Brel - Lycée des métiers des motocycles - Lycée des métiers de l'ébénisterie;ILE-DE-FRANCE;BAC;18;47;35
0940141T;Lycée polyvalent Jacques Brel - Lycée des métiers des motocycles - Lycée des métiers de l'ébénisterie;ILE-DE-FRANCE;BTS;35;14;58
0940141T;Lycée polyvalent Jacques Brel - Lycée des métiers des motocycles - Lycée des métiers de l'ébénisterie;ILE-DE-FRANCE;CAP;38;69;26
0940143V;Lycée professionnel Jean Moulin;ILE-DE-FRANCE;BAC;30;53;34
0940145X;Lycée professionnel Camille Claudel;ILE-DE-FRANCE;BAC;35;57;31
0940145X;Lycée professionnel Camille Claudel;ILE-DE-FRANCE;CAP;32;33;28
0940171A;Etablissement régional d'enseignement adapté Stendhal;ILE-DE-FRANCE;CAP;70;55;28
0940319L;Lycée d'enseignement adapté François Cavanna;ILE-DE-FRANCE;CAP;32;47;15
0940580V;Lycée Polyvalent de Cachan;ILE-DE-FRANCE;BAC;25;63;25
0940580V;Lycée Polyvalent de Cachan;ILE-DE-FRANCE;BTS;38;44;44
0940580V;Lycée Polyvalent de Cachan;ILE-DE-FRANCE;CAP;36;30;42
0940580V;Lycée Polyvalent de Cachan;ILE-DE-FRANCE;MC4;21;;
0940585A;Lycée polyvalent François Mansart - Lycée des métiers du bois et de l'habitat;ILE-DE-FRANCE;BAC;;54;56
0940585A;Lycée polyvalent François Mansart - Lycée des métiers du bois et de l'habitat;ILE-DE-FRANCE;BTS;37;42;62
0940585A;Lycée polyvalent François Mansart - Lycée des métiers du bois et de l'habitat;ILE-DE-FRANCE;CAP;38;58;
0940742W;Lycée polyvalent Guillaume Budé;ILE-DE-FRANCE;BAC;48;60;21
0940742W;Lycée polyvalent Guillaume Budé;ILE-DE-FRANCE;BTS;24;48;57
0940743X;Lycée polyvalent Georges Brassens;ILE-DE-FRANCE;BAC;34;77;19
0940743X;Lycée polyvalent Georges Brassens;ILE-DE-FRANCE;BTS;21;28;57
0940821G;Lycée général et technologique privé Grégor Mendel;ILE-DE-FRANCE;BTS;40;45;43
0940822H;Lycée général et technologique Claude-Nicolas Ledoux-EBTP;ILE-DE-FRANCE;BTS;21;53;68
0940823J;Lycée professionnel privé Robert Keller;ILE-DE-FRANCE;BAC;36;50;37
0940823J;Lycée professionnel privé Robert Keller;ILE-DE-FRANCE;CAP;34;71;27
0940853S;Lycée professionnel privé Poullart des Places;ILE-DE-FRANCE;CAP;29;44;28
0940878U;Lycée général et technologique privé Teilhard de Chardin;ILE-DE-FRANCE;BTS;39;62;56
0941018W;Lycée polyvalent Edouard Branly;ILE-DE-FRANCE;BAC;34;62;37
0941018W;Lycée polyvalent Edouard Branly;ILE-DE-FRANCE;BTS;34;35;55
0941018W;Lycée polyvalent Edouard Branly;ILE-DE-FRANCE;CAP;42;65;
0941232D;Lycée professionnel Jean Macé;ILE-DE-FRANCE;BAC;39;59;21
0941232D;Lycée professionnel Jean Macé;ILE-DE-FRANCE;CAP;29;53;
0941294W;Lycée polyvalent Adolphe Chérioux - Lycée des métiers de l'habitat et de l'aménagement urbain;ILE-DE-FRANCE;BAC;45;53;25
0941294W;Lycée polyvalent Adolphe Chérioux - Lycée des métiers de l'habitat et de l'aménagement urbain;ILE-DE-FRANCE;BTS;46;34;64
0941294W;Lycée polyvalent Adolphe Chérioux - Lycée des métiers de l'habitat et de l'aménagement urbain;ILE-DE-FRANCE;CAP;33;62;24
0941294W;Lycée polyvalent Adolphe Chérioux - Lycée des métiers de l'habitat et de l'aménagement urbain;ILE-DE-FRANCE;MC5;37;;
0941298A;Lycée professionnel Michelet;ILE-DE-FRANCE;BAC;;52;32
0941298A;Lycée professionnel Michelet;ILE-DE-FRANCE;CAP;38;50;22
0941301D;Lycée polyvalent Frédéric Mistral;ILE-DE-FRANCE;BAC;33;61;31
0941301D;Lycée polyvalent Frédéric Mistral;ILE-DE-FRANCE;BTS;24;43;50
0941347D;Lycée général et technologique Pablo Picasso;ILE-DE-FRANCE;BTS;18;46;50
0941355M;Lycée polyvalent Paul Bert - Lycée des métiers du commerce et de l'administration;ILE-DE-FRANCE;BAC;23;58;30
0941355M;Lycée polyvalent Paul Bert - Lycée des métiers du commerce et de l'administration;ILE-DE-FRANCE;BTS;27;35;47
0941355M;Lycée polyvalent Paul Bert - Lycée des métiers du commerce et de l'administration;ILE-DE-FRANCE;CAP;30;37;30
0941407U;Lycée professionnel privé CE 3P;ILE-DE-FRANCE;BAC;45;38;
0941407U;Lycée professionnel privé CE 3P;ILE-DE-FRANCE;BTS;;13;
0941413A;Lycée polyvalent Léon Blum;ILE-DE-FRANCE;BAC;;49;31
0941470M;Lycée polyvalent Samuel de Champlain;ILE-DE-FRANCE;BAC;19;59;28
0941470M;Lycée polyvalent Samuel de Champlain;ILE-DE-FRANCE;BTS;42;45;68
0941470M;Lycée polyvalent Samuel de Champlain;ILE-DE-FRANCE;CAP;29;51;30
0941474S;Lycée polyvalent Darius Milhaud;ILE-DE-FRANCE;BAC;18;55;38
0941474S;Lycée polyvalent Darius Milhaud;ILE-DE-FRANCE;BTS;20;29;53
0941474S;Lycée polyvalent Darius Milhaud;ILE-DE-FRANCE;CAP;30;52;5
0941604H;Lycée professionnel Samuel de Champlain - Lycée des métiers de la construction et de la gestion immobilière;ILE-DE-FRANCE;BAC;9;55;23
0941604H;Lycée professionnel Samuel de Champlain - Lycée des métiers de la construction et de la gestion immobilière;ILE-DE-FRANCE;CAP;37;50;
0941722L;Lycée professionnel privé Grégor Mendel;ILE-DE-FRANCE;BAC;22;44;21
0941724N;Lycée professionnel privé Claude-Nicolas Ledoux - Lycée des métiers de la construction et de son environnement;ILE-DE-FRANCE;BAC;18;69;31
0941918Z;Lycée polyvalent Christophe Colomb;ILE-DE-FRANCE;BAC;30;61;30
0941918Z;Lycée polyvalent Christophe Colomb;ILE-DE-FRANCE;BTS;18;36;41
0941930M;Lycée polyvalent Gutenberg;ILE-DE-FRANCE;BAC;30;64;32
0941930M;Lycée polyvalent Gutenberg;ILE-DE-FRANCE;MC5;23;33;
0941951K;Lycée polyvalent Marx Dormoy;ILE-DE-FRANCE;BAC;33;54;22
0941951K;Lycée polyvalent Marx Dormoy;ILE-DE-FRANCE;CAP;24;47;21
0941952L;Lycée polyvalent François Arago;ILE-DE-FRANCE;BAC;32;57;28
0941952L;Lycée polyvalent François Arago;ILE-DE-FRANCE;BTS;30;35;58
0941952L;Lycée polyvalent François Arago;ILE-DE-FRANCE;CAP;24;66;
0941952L;Lycée polyvalent François Arago;ILE-DE-FRANCE;MC4;34;14;
0941972H;Lycée polyvalent Fernand Léger - Lycée des métiers de la maintenance et de l'après vente automobile;ILE-DE-FRANCE;BAC;14;47;40
0941972H;Lycée polyvalent Fernand Léger - Lycée des métiers de la maintenance et de l'après vente automobile;ILE-DE-FRANCE;BTS;41;35;41
0941972H;Lycée polyvalent Fernand Léger - Lycée des métiers de la maintenance et de l'après vente automobile;ILE-DE-FRANCE;CAP;25;35;26
0941972H;Lycée polyvalent Fernand Léger - Lycée des métiers de la maintenance et de l'après vente automobile;ILE-DE-FRANCE;MC5;23;;
0941974K;Lycée polyvalent Robert Schuman;ILE-DE-FRANCE;BAC;;53;20
0941975L;Lycée polyvalent Pierre Brossolette - Lycée des métiers du social et de l'aide à la personne;ILE-DE-FRANCE;BAC;22;66;28
0942130E;Lycée polyvalent Montaleau - Lycée des métiers de l'hôtellerie et de la restauration;ILE-DE-FRANCE;BAC;21;69;38
0942130E;Lycée polyvalent Montaleau - Lycée des métiers de l'hôtellerie et de la restauration;ILE-DE-FRANCE;BTS;77;33;
0942130E;Lycée polyvalent Montaleau - Lycée des métiers de l'hôtellerie et de la restauration;ILE-DE-FRANCE;CAP;50;60;32
0942130E;Lycée polyvalent Montaleau - Lycée des métiers de l'hôtellerie et de la restauration;ILE-DE-FRANCE;MC5;28;19;52
0942269F;Lycée polyvalent Pauline Roland - Lycée des métiers du transport et de la logistique;ILE-DE-FRANCE;BAC;23;46;42
0942269F;Lycée polyvalent Pauline Roland - Lycée des métiers du transport et de la logistique;ILE-DE-FRANCE;BTS;49;25;59
0942269F;Lycée polyvalent Pauline Roland - Lycée des métiers du transport et de la logistique;ILE-DE-FRANCE;CAP;47;44;27
0942354Y;LGT Ensemble Sainte Marie;ILE-DE-FRANCE;BTS;20;57;39
0942355Z;LP Ensemble Sainte Marie;ILE-DE-FRANCE;BAC;23;51;36
0950164M;Etablissement régional d'enseignement adapté Françoise Dolto;ILE-DE-FRANCE;CAP;29;47;9
0950640E;Lycée général et technologique Julie-Victoire Daubié;ILE-DE-FRANCE;BTS;17;24;46
0950641F;Lycée polyvalent Jean Jaurès;ILE-DE-FRANCE;BAC;44;57;27
0950641F;Lycée polyvalent Jean Jaurès;ILE-DE-FRANCE;BTS;50;37;35
0950641F;Lycée polyvalent Jean Jaurès;ILE-DE-FRANCE;CAP;32;;
0950645K;Lycée général et technologique Van Gogh;ILE-DE-FRANCE;BTS;;41;51
0950646L;Lycée général et technologique René Cassin;ILE-DE-FRANCE;BTS;24;35;58
0950648N;Lycée général et technologique Jean-Jacques Rousseau;ILE-DE-FRANCE;BTS;38;65;44
0950649P;Lycée polyvalent Camille Pissarro, lycée des métiers de la santé, du social et de l'aide aux personnes;ILE-DE-FRANCE;BAC;30;74;30
0950649P;Lycée polyvalent Camille Pissarro, lycée des métiers de la santé, du social et de l'aide aux personnes;ILE-DE-FRANCE;BTS;8;47;58
0950649P;Lycée polyvalent Camille Pissarro, lycée des métiers de la santé, du social et de l'aide aux personnes;ILE-DE-FRANCE;MC5;37;29;
0950650R;Lycée polyvalent Jean-Jacques Rousseau;ILE-DE-FRANCE;BAC;42;61;16
0950650R;Lycée polyvalent Jean-Jacques Rousseau;ILE-DE-FRANCE;BTS;20;48;45
0950651S;Lycée général et technologique Jacques Prévert;ILE-DE-FRANCE;BTS;41;33;48
0950656X;Lycée professionnel Le Corbusier, lycée des métiers du bâtiment;ILE-DE-FRANCE;BAC;42;54;34
0950656X;Lycée professionnel Le Corbusier, lycée des métiers du bâtiment;ILE-DE-FRANCE;CAP;55;59;25
0950657Y;Lycée professionnel Ferdinand Buisson;ILE-DE-FRANCE;BAC;33;39;34
0950657Y;Lycée professionnel Ferdinand Buisson;ILE-DE-FRANCE;BP;49;14;
0950657Y;Lycée professionnel Ferdinand Buisson;ILE-DE-FRANCE;BTS;;;
0950657Y;Lycée professionnel Ferdinand Buisson;ILE-DE-FRANCE;CAP;;62;25
0950658Z;Lycée professionnel Château d' Epluches, lycée des métiers de l'automobile et du transport;ILE-DE-FRANCE;BAC;28;36;50
0950658Z;Lycée professionnel Château d' Epluches, lycée des métiers de l'automobile et du transport;ILE-DE-FRANCE;CAP;52;35;24
0950666H;Lycée polyvalent Georges Braque, lycée des métiers de l'intelligence économique et du management;ILE-DE-FRANCE;BAC;27;50;21
0950666H;Lycée polyvalent Georges Braque, lycée des métiers de l'intelligence économique et du management;ILE-DE-FRANCE;BTS;28;35;49
0950667J;Lycée polyvalent Romain Rolland, lycée des métiers de l'industrie, du commerce et des services aux entreprises;ILE-DE-FRANCE;BAC;31;51;36
0950667J;Lycée polyvalent Romain Rolland, lycée des métiers de l'industrie, du commerce et des services aux entreprises;ILE-DE-FRANCE;BTS;30;24;49
0950667J;Lycée polyvalent Romain Rolland, lycée des métiers de l'industrie, du commerce et des services aux entreprises;ILE-DE-FRANCE;CAP;34;45;9
0950709E;Lycée professionnel Virginia Henderson, lycée des métiers des services à la personne et à l'entreprise;ILE-DE-FRANCE;BAC;38;58;24
0950709E;Lycée professionnel Virginia Henderson, lycée des métiers des services à la personne et à l'entreprise;ILE-DE-FRANCE;BTS;25;;
0950709E;Lycée professionnel Virginia Henderson, lycée des métiers des services à la personne et à l'entreprise;ILE-DE-FRANCE;CAP;;42;
0950759J;Lycée général et technologique privé Notre Dame de Bury;ILE-DE-FRANCE;BTS;15;72;
0950761L;Lycée polyvalent privé Notre Dame de La Compassion;ILE-DE-FRANCE;BAC;7;63;
0950800D;Lycée professionnel privé de Cognacq-Jay, lycée des métiers des secteurs administratifs et commerciaux;ILE-DE-FRANCE;BAC;7;52;36
0950800D;Lycée professionnel privé de Cognacq-Jay, lycée des métiers des secteurs administratifs et commerciaux;ILE-DE-FRANCE;CAP;16;63;
0950804H;Lycée professionnel privé Notre-Famille;ILE-DE-FRANCE;BAC;7;61;8
0950805J;Lycée professionnel privé Saint Jean L'Hermitage;ILE-DE-FRANCE;BAC;9;;
0950805J;Lycée professionnel privé Saint Jean L'Hermitage;ILE-DE-FRANCE;CAP;;68;
0950812S;Lycée polyvalent privé Jeanne d'Arc, lycée des métiers du commerce et des services aux entreprises;ILE-DE-FRANCE;BAC;32;57;21
0950812S;Lycée polyvalent privé Jeanne d'Arc, lycée des métiers du commerce et des services aux entreprises;ILE-DE-FRANCE;BTS;29;;
0950812S;Lycée polyvalent privé Jeanne d'Arc, lycée des métiers du commerce et des services aux entreprises;ILE-DE-FRANCE;CAP;;;
0950947N;Lycée polyvalent Maryse Condé;ILE-DE-FRANCE;BAC;;52;32
0950947N;Lycée polyvalent Maryse Condé;ILE-DE-FRANCE;BTS;30;25;46
0950949R;Lycée professionnel Jean Mermoz Lycée des métiers de l'électrotechnique, des services commerciaux et administratifs;ILE-DE-FRANCE;BAC;30;47;36
0950949R;Lycée professionnel Jean Mermoz Lycée des métiers de l'électrotechnique, des services commerciaux et administratifs;ILE-DE-FRANCE;BP;45;;
0950949R;Lycée professionnel Jean Mermoz Lycée des métiers de l'électrotechnique, des services commerciaux et administratifs;ILE-DE-FRANCE;CAP;;62;29
0950983C;Etablissement régional d'enseignement adapté La Tour du Mail;ILE-DE-FRANCE;CAP;32;57;19
0951090U;Lycée professionnel Pierre Mendès France, lycée des métiers de l'éco-construction et du bâtiment;ILE-DE-FRANCE;BAC;19;41;40
0951090U;Lycée professionnel Pierre Mendès France, lycée des métiers de l'éco-construction et du bâtiment;ILE-DE-FRANCE;CAP;79;62;37
0951104J;Lycée polyvalent Jean Perrin, lycée des métiers des technologies numériques pour l'industrie et le laboratoire;ILE-DE-FRANCE;BAC;41;67;38
0951104J;Lycée polyvalent Jean Perrin, lycée des métiers des technologies numériques pour l'industrie et le laboratoire;ILE-DE-FRANCE;BTS;20;44;53
0951147F;Lycée général et technologique Fragonard;ILE-DE-FRANCE;BTS;26;35;
0951221L;Lycée polyvalent privé Vauban;ILE-DE-FRANCE;BAC;;50;
0951281B;Lycée professionnel Turgot, lycée des métiers du commerce et de la gestion administrative;ILE-DE-FRANCE;BAC;24;42;27
0951281B;Lycée professionnel Turgot, lycée des métiers du commerce et de la gestion administrative;ILE-DE-FRANCE;CAP;35;48;
0951282C;Lycée professionnel du Vexin, lycée des métiers de la sécurité;ILE-DE-FRANCE;BAC;47;40;30
0951282C;Lycée professionnel du Vexin, lycée des métiers de la sécurité;ILE-DE-FRANCE;CAP;45;43;9
0951399E;Lycée général et technologique Alfred Kastler;ILE-DE-FRANCE;BTS;34;48;59
0951618T;Lycée professionnel Auguste Escoffier, lycée des métiers de la gastronomie et des techniques du froid;ILE-DE-FRANCE;BAC;17;55;39
0951618T;Lycée professionnel Auguste Escoffier, lycée des métiers de la gastronomie et des techniques du froid;ILE-DE-FRANCE;BTS;52;;
0951618T;Lycée professionnel Auguste Escoffier, lycée des métiers de la gastronomie et des techniques du froid;ILE-DE-FRANCE;CAP;36;60;20
0951618T;Lycée professionnel Auguste Escoffier, lycée des métiers de la gastronomie et des techniques du froid;ILE-DE-FRANCE;MC5;38;26;57
0951637N;Lycée général et technologique Galilée;ILE-DE-FRANCE;BTS;17;46;48
0951673C;Lycée polyvalent Gustave Eiffel, Lycée des métiers de l'électricité et des services aux entreprises;ILE-DE-FRANCE;BAC;31;61;35
0951673C;Lycée polyvalent Gustave Eiffel, Lycée des métiers de l'électricité et des services aux entreprises;ILE-DE-FRANCE;BTS;32;26;70
0951673C;Lycée polyvalent Gustave Eiffel, Lycée des métiers de l'électricité et des services aux entreprises;ILE-DE-FRANCE;CAP;48;57;
0951673C;Lycée polyvalent Gustave Eiffel, Lycée des métiers de l'électricité et des services aux entreprises;ILE-DE-FRANCE;MC4;19;55;
0951710T;Lycée polyvalent Camille Claudel, lycée des métiers des arts et du design;ILE-DE-FRANCE;BAC;35;61;
0951710T;Lycée polyvalent Camille Claudel, lycée des métiers des arts et du design;ILE-DE-FRANCE;BTS;14;51;54
0951710T;Lycée polyvalent Camille Claudel, lycée des métiers des arts et du design;ILE-DE-FRANCE;MC4;27;32;
0951722F;Lycée polyvalent Jean Monnet;ILE-DE-FRANCE;BTS;12;31;32
0951727L;Lycée polyvalent Charles Baudelaire, lycée des métiers de la sécurité et de la relation client;ILE-DE-FRANCE;BAC;25;48;31
0951727L;Lycée polyvalent Charles Baudelaire, lycée des métiers de la sécurité et de la relation client;ILE-DE-FRANCE;BTS;25;30;36
0951727L;Lycée polyvalent Charles Baudelaire, lycée des métiers de la sécurité et de la relation client;ILE-DE-FRANCE;CAP;18;51;9
0951728M;Lycée polyvalent Edmond Rostand, lycée des métiers de la relation client et du management;ILE-DE-FRANCE;BAC;22;50;39
0951728M;Lycée polyvalent Edmond Rostand, lycée des métiers de la relation client et du management;ILE-DE-FRANCE;BTS;23;38;42
0951728M;Lycée polyvalent Edmond Rostand, lycée des métiers de la relation client et du management;ILE-DE-FRANCE;CAP;20;48;
0951748J;Lycée polyvalent Evariste Galois;ILE-DE-FRANCE;BAC;33;45;31
0951748J;Lycée polyvalent Evariste Galois;ILE-DE-FRANCE;CAP;29;61;
0951756T;Lycée polyvalent Jules Verne;ILE-DE-FRANCE;BAC;40;61;19
0951756T;Lycée polyvalent Jules Verne;ILE-DE-FRANCE;BTS;32;13;56
0951756T;Lycée polyvalent Jules Verne;ILE-DE-FRANCE;CAP;33;;
0951763A;Lycée polyvalent Louis Jouvet, Lycée des métiers de la santé et du social;ILE-DE-FRANCE;BAC;;54;26
0951763A;Lycée polyvalent Louis Jouvet, Lycée des métiers de la santé et du social;ILE-DE-FRANCE;BTS;23;54;28
0951763A;Lycée polyvalent Louis Jouvet, Lycée des métiers de la santé et du social;ILE-DE-FRANCE;CAP;47;31;27
0951787B;Lycée polyvalent Arthur Rimbaud, lycée de métiers de l'automobile, du commerce et de la logistique;ILE-DE-FRANCE;BAC;35;46;29
0951787B;Lycée polyvalent Arthur Rimbaud, lycée de métiers de l'automobile, du commerce et de la logistique;ILE-DE-FRANCE;BTS;43;21;48
0951787B;Lycée polyvalent Arthur Rimbaud, lycée de métiers de l'automobile, du commerce et de la logistique;ILE-DE-FRANCE;CAP;32;44;20
0951788C;Lycée polyvalent George Sand;ILE-DE-FRANCE;BAC;26;50;34
0951788C;Lycée polyvalent George Sand;ILE-DE-FRANCE;CAP;18;83;
0951811C;Lycée polyvalent Fernand et Nadia Léger, lycée des métiers du social, de la santé, des services;ILE-DE-FRANCE;BAC;12;52;27
0951811C;Lycée polyvalent Fernand et Nadia Léger, lycée des métiers du social, de la santé, des services;ILE-DE-FRANCE;BP;28;;
0951811C;Lycée polyvalent Fernand et Nadia Léger, lycée des métiers du social, de la santé, des services;ILE-DE-FRANCE;BTS;;34;41
0951811C;Lycée polyvalent Fernand et Nadia Léger, lycée des métiers du social, de la santé, des services;ILE-DE-FRANCE;CAP;12;60;12
0951811C;Lycée polyvalent Fernand et Nadia Léger, lycée des métiers du social, de la santé, des services;ILE-DE-FRANCE;MC5;23;31;52
0951824S;Lycée polyvalent de L'Hautil;ILE-DE-FRANCE;BAC;;56;37
0951824S;Lycée polyvalent de L'Hautil;ILE-DE-FRANCE;BTS;21;40;43
0951922Y;Lycée général et technologique Camille Saint-Saëns;ILE-DE-FRANCE;BTS;45;50;61
0951937P;Lycée polyvalent Paul-Emile Victor;ILE-DE-FRANCE;BAC;22;57;35
0951974E;Lycée polyvalent Louis Armand;ILE-DE-FRANCE;BAC;24;52;22
0951974E;Lycée polyvalent Louis Armand;ILE-DE-FRANCE;BTS;24;;
0951974E;Lycée polyvalent Louis Armand;ILE-DE-FRANCE;CAP;;53;
0951974E;Lycée polyvalent Louis Armand;ILE-DE-FRANCE;MC4;25;;
0951994B;Lycée polyvalent privé ORT;ILE-DE-FRANCE;BAC;;56;
0951994B;Lycée polyvalent privé ORT;ILE-DE-FRANCE;BTS;26;48;44
0951998F;Lycée polyvalent privé de GARAC, lycée des métiers de la vente et de l'après-vente auto, moto et véhicule industriel;ILE-DE-FRANCE;BAC;24;65;48
0951998F;Lycée polyvalent privé de GARAC, lycée des métiers de la vente et de l'après-vente auto, moto et véhicule industriel;ILE-DE-FRANCE;BTS;19;51;60
0952173W;Lycée polyvalent Eugène Ronceray;ILE-DE-FRANCE;BAC;15;51;27
0952173W;Lycée polyvalent Eugène Ronceray;ILE-DE-FRANCE;CAP;30;61;
0952196W;Lycée polyvalent Gustave Monod, lycée des métiers de l'ingénierie industrielle;ILE-DE-FRANCE;BAC;20;58;29
0952196W;Lycée polyvalent Gustave Monod, lycée des métiers de l'ingénierie industrielle;ILE-DE-FRANCE;BTS;41;33;49
0952196W;Lycée polyvalent Gustave Monod, lycée des métiers de l'ingénierie industrielle;ILE-DE-FRANCE;CAP;47;;
0952196W;Lycée polyvalent Gustave Monod, lycée des métiers de l'ingénierie industrielle;ILE-DE-FRANCE;MC4;;41;
